uid,namedLocation,domainID,siteID,plotID,subplotID,trapID,decimalLatitude,decimalLongitude,elevation,nlcdClass,plotType,geodeticDatum,coordinateUncertainty,elevationUncertainty,date,samplingProtocolVersion,targetTaxaPresent,trapType,trapPlacement,trapSize,remarks,recordedBy
"667601b5-82e0-487e-a6be-2d34eba82b6c","STEI_052.basePlot.ltr","D05","STEI","STEI_052","41_400","STEI_052_903",45.505085,-89.588542,467.4,"deciduousForest","tower","WGS84",20.2,0.2,"2015-07-27","NEON.DOC.001710vB","Y","Elevated","Random",0.5,,"MPEYTON@FIELD-OPS.ORG"
"88d9ae70-edee-40e7-9ca3-8d52d56842f5","STEI_052.basePlot.ltr","D05","STEI","STEI_052","39_400","STEI_052_706",45.505085,-89.588542,467.4,"deciduousForest","tower","WGS84",20.2,0.2,"2015-07-27","NEON.DOC.001710vB","Y","Ground","Random",1.5,,"MPEYTON@FIELD-OPS.ORG"
"6e818062-e760-49bb-9adc-0b1d0092d684","STEI_055.basePlot.ltr","D05","STEI","STEI_055","39_400","STEI_055_642",45.504019,-89.588862,467.4,"deciduousForest","tower","WGS84",20.2,0.2,"2015-07-27","NEON.DOC.001710vB","Y","Elevated","Random",0.5,,"MPEYTON@FIELD-OPS.ORG"
"6b660504-5122-40be-a1d1-d399ea01d3fc","STEI_058.basePlot.ltr","D05","STEI","STEI_058","39_400","STEI_058_598",45.503506,-89.587322,473.2,"deciduousForest","tower","WGS84",20.3,0.8,"2015-07-27","NEON.DOC.001710vB","Y","Ground","Random",1.5,,"MPEYTON@FIELD-OPS.ORG"
"82d637f0-006a-4f3c-b0d7-ed4e7d11ee9d","STEI_058.basePlot.ltr","D05","STEI","STEI_058","41_400","STEI_058_862",45.503506,-89.587322,473.2,"deciduousForest","tower","WGS84",20.3,0.8,"2015-07-27","NEON.DOC.001710vB","Y","Elevated","Random",0.5,,"MPEYTON@FIELD-OPS.ORG"
"0962676c-03ce-4171-879d-f7b39d600cd2","STEI_052.basePlot.ltr","D05","STEI","STEI_052","39_400","STEI_052_607",45.505085,-89.588542,467.4,"deciduousForest","tower","WGS84",20.2,0.2,"2015-07-27","NEON.DOC.001710vB","Y","Elevated","Random",0.5,,"MPEYTON@FIELD-OPS.ORG"
"7adb3faf-929f-437e-a3d3-0f1b1830d015","STEI_058.basePlot.ltr","D05","STEI","STEI_058","39_400","STEI_058_702",45.503506,-89.587322,473.2,"deciduousForest","tower","WGS84",20.3,0.8,"2015-07-27","NEON.DOC.001710vB","Y","Elevated","Random",0.5,,"MPEYTON@FIELD-OPS.ORG"
"6f9fbaf5-a386-48bb-b9a7-8b977e68cbe2","STEI_055.basePlot.ltr","D05","STEI","STEI_055","41_400","STEI_055_860",45.504019,-89.588862,467.4,"deciduousForest","tower","WGS84",20.2,0.2,"2015-07-27","NEON.DOC.001710vB","Y","Ground","Random",1.5,,"MPEYTON@FIELD-OPS.ORG"
"9999416b-69f5-4772-b2d9-5bb88c6cc78f","STEI_055.basePlot.ltr","D05","STEI","STEI_055","39_400","STEI_055_523",45.504019,-89.588862,467.4,"deciduousForest","tower","WGS84",20.2,0.2,"2015-07-27","NEON.DOC.001710vB","Y","Ground","Random",1.5,,"MPEYTON@FIELD-OPS.ORG"
"8862b506-dab7-43e8-a565-d00ce9600128","STEI_055.basePlot.ltr","D05","STEI","STEI_055","41_400","STEI_055_833",45.504019,-89.588862,467.4,"deciduousForest","tower","WGS84",20.2,0.2,"2015-07-27","NEON.DOC.001710vB","Y","Elevated","Random",0.5,,"MPEYTON@FIELD-OPS.ORG"
"024081ba-98cc-4f02-b914-16f801a07a02","STEI_052.basePlot.ltr","D05","STEI","STEI_052","41_400","STEI_052_960",45.505085,-89.588542,467.4,"deciduousForest","tower","WGS84",20.2,0.2,"2015-07-27","NEON.DOC.001710vB","Y","Ground","Random",1.5,,"MPEYTON@FIELD-OPS.ORG"
"4d3d651c-ecbc-41a9-8670-d11443382d28","STEI_058.basePlot.ltr","D05","STEI","STEI_058","41_400","STEI_058_762",45.503506,-89.587322,473.2,"deciduousForest","tower","WGS84",20.3,0.8,"2015-07-27","NEON.DOC.001710vB","Y","Ground","Random",1.5,,"MPEYTON@FIELD-OPS.ORG"
"144167c2-e894-4e2e-bd4b-cdcdb8cdb871","STEI_048.basePlot.ltr","D05","STEI","STEI_048","21_400","STEI_048_070",45.509453,-89.587196,474.2,"deciduousForest","tower","WGS84",20.2,0.2,"2015-07-28","NEON.DOC.001710vB","Y","Ground","Random",1.5,,"TMILLER@FIELD-OPS.ORG"
"8a8ce16a-5b09-4689-89bd-bfea8d145495","STEI_046.basePlot.ltr","D05","STEI","STEI_046","41_400","STEI_046_793",45.504592,-89.586589,470.8,"deciduousForest","tower","WGS84",20.2,0.3,"2015-07-28","NEON.DOC.001710vB","Y","Elevated","Random",0.5,,"MPEYTON@FIELD-OPS.ORG"
"4e6c82e7-93b5-4af1-869e-69ab80db9cfc","STEI_047.basePlot.ltr","D05","STEI","STEI_047","23_400","STEI_047_291",45.506178,-89.588573,472.6,"deciduousForest","tower","WGS84",20.3,0.3,"2015-07-28","NEON.DOC.001710vB","Y","Elevated","Random",0.5,,"MPEYTON@FIELD-OPS.ORG"
"ea0619f3-6cde-471d-8e12-8003c23e6d5f","STEI_053.basePlot.ltr","D05","STEI","STEI_053","23_400","STEI_053_252",45.505661,-89.587394,471.7,"deciduousForest","tower","WGS84",20.2,0.2,"2015-07-28","NEON.DOC.001710vB","Y","Ground","Random",1.5,,"MPEYTON@FIELD-OPS.ORG"
"69edb83b-a8b3-4de0-9767-b997882ae5ef","STEI_053.basePlot.ltr","D05","STEI","STEI_053","39_400","STEI_053_597",45.505661,-89.587394,471.7,"deciduousForest","tower","WGS84",20.2,0.2,"2015-07-28","NEON.DOC.001710vB","Y","Elevated","Random",0.5,,"MPEYTON@FIELD-OPS.ORG"
"56ca911e-2ffe-427c-b8ec-930ce45f6778","STEI_051.basePlot.ltr","D05","STEI","STEI_051","41_400","STEI_051_900",45.503823,-89.585001,470.8,"deciduousForest","tower","WGS84",20.1,0.2,"2015-07-28","NEON.DOC.001710vB","Y","Ground","Random",1.5,,"MPEYTON@FIELD-OPS.ORG"
"96ce3b21-e3d2-4b23-b5d5-3eb956598df8","STEI_046.basePlot.ltr","D05","STEI","STEI_046","41_400","STEI_046_953",45.504592,-89.586589,470.8,"deciduousForest","tower","WGS84",20.2,0.3,"2015-07-28","NEON.DOC.001710vB","Y","Ground","Random",1.5,,"MPEYTON@FIELD-OPS.ORG"
"4b2ad0fe-c813-4acd-be1d-6f811e109ca5","STEI_046.basePlot.ltr","D05","STEI","STEI_046","23_400","STEI_046_343",45.504592,-89.586589,470.8,"deciduousForest","tower","WGS84",20.2,0.3,"2015-07-28","NEON.DOC.001710vB","Y","Ground","Random",1.5,,"MPEYTON@FIELD-OPS.ORG"
"2d5388bb-4b8d-4c44-99c5-c1545b88ca8f","STEI_047.basePlot.ltr","D05","STEI","STEI_047","21_400","STEI_047_024",45.506178,-89.588573,472.6,"deciduousForest","tower","WGS84",20.3,0.3,"2015-07-28","NEON.DOC.001710vB","Y","Ground","Random",1.5,,"MPEYTON@FIELD-OPS.ORG"
"cd59069c-e288-47fd-9978-eafc1395c0bf","STEI_051.basePlot.ltr","D05","STEI","STEI_051","21_400","STEI_051_076",45.503823,-89.585001,470.8,"deciduousForest","tower","WGS84",20.1,0.2,"2015-07-28","NEON.DOC.001710vB","Y","Elevated","Random",0.5,,"MPEYTON@FIELD-OPS.ORG"
"19d9a7e9-40c6-40d2-b326-11183a564342","STEI_053.basePlot.ltr","D05","STEI","STEI_053","23_400","STEI_053_296",45.505661,-89.587394,471.7,"deciduousForest","tower","WGS84",20.2,0.2,"2015-07-28","NEON.DOC.001710vB","Y","Elevated","Random",0.5,,"MPEYTON@FIELD-OPS.ORG"
"3f5d7e5c-6a3c-42bc-9319-8bb466604a7f","STEI_061.basePlot.ltr","D05","STEI","STEI_061","39_400","STEI_061_507",45.505170,-89.584700,469.7,"mixedForest","tower","WGS84",20.2,0.3,"2015-07-28","NEON.DOC.001710vB","Y","Elevated","Random",0.5,,"MPEYTON@FIELD-OPS.ORG"
"b6e2b76b-e1e0-4a32-a3f5-439745e70d93","STEI_047.basePlot.ltr","D05","STEI","STEI_047","23_400","STEI_047_272",45.506178,-89.588573,472.6,"deciduousForest","tower","WGS84",20.3,0.3,"2015-07-28","NEON.DOC.001710vB","Y","Ground","Random",1.5,,"MPEYTON@FIELD-OPS.ORG"
"925b4cef-a7a6-49ad-afd9-bd38327cce1a","STEI_053.basePlot.ltr","D05","STEI","STEI_053","39_400","STEI_053_566",45.505661,-89.587394,471.7,"deciduousForest","tower","WGS84",20.2,0.2,"2015-07-28","NEON.DOC.001710vB","Y","Ground","Random",1.5,,"MPEYTON@FIELD-OPS.ORG"
"b2c97d61-78c1-42ab-9bc6-6daa1454f5a3","STEI_047.basePlot.ltr","D05","STEI","STEI_047","21_400","STEI_047_185",45.506178,-89.588573,472.6,"deciduousForest","tower","WGS84",20.3,0.3,"2015-07-28","NEON.DOC.001710vB","Y","Elevated","Random",0.5,,"MPEYTON@FIELD-OPS.ORG"
"89208d7e-b086-4a25-bfd1-14de708754e5","STEI_061.basePlot.ltr","D05","STEI","STEI_061","41_400","STEI_061_762",45.505170,-89.584700,469.7,"mixedForest","tower","WGS84",20.2,0.3,"2015-07-28","NEON.DOC.001710vB","Y","Ground","Random",1.5,,"MPEYTON@FIELD-OPS.ORG"
"9e712284-3a1d-42e8-9e6e-434d4b4ae13b","STEI_061.basePlot.ltr","D05","STEI","STEI_061","39_400","STEI_061_702",45.505170,-89.584700,469.7,"mixedForest","tower","WGS84",20.2,0.3,"2015-07-28","NEON.DOC.001710vB","Y","Ground","Random",1.5,,"MPEYTON@FIELD-OPS.ORG"
"6facbceb-7a64-4788-ad16-885aee274318","STEI_051.basePlot.ltr","D05","STEI","STEI_051","21_400","STEI_051_070",45.503823,-89.585001,470.8,"deciduousForest","tower","WGS84",20.1,0.2,"2015-07-28","NEON.DOC.001710vB","Y","Ground","Random",1.5,,"MPEYTON@FIELD-OPS.ORG"
"ca96756e-5aef-4e5d-9a4c-ae48e4bbc027","STEI_061.basePlot.ltr","D05","STEI","STEI_061","41_400","STEI_061_862",45.505170,-89.584700,469.7,"mixedForest","tower","WGS84",20.2,0.3,"2015-07-28","NEON.DOC.001710vB","Y","Elevated","Random",0.5,,"MPEYTON@FIELD-OPS.ORG"
"36ab5568-daea-4da2-811f-cc8ad8e1932f","STEI_051.basePlot.ltr","D05","STEI","STEI_051","41_400","STEI_051_885",45.503823,-89.585001,470.8,"deciduousForest","tower","WGS84",20.1,0.2,"2015-07-28","NEON.DOC.001710vB","Y","Elevated","Random",0.5,,"MPEYTON@FIELD-OPS.ORG"
"9509ebd6-939c-4883-9a74-fb71a8da98f4","STEI_046.basePlot.ltr","D05","STEI","STEI_046","23_400","STEI_046_390",45.504592,-89.586589,470.8,"deciduousForest","tower","WGS84",20.2,0.3,"2015-07-28","NEON.DOC.001710vB","Y","Elevated","Random",0.5,,"MPEYTON@FIELD-OPS.ORG"
"afc8c003-5957-4f62-84a3-50090d82063b","STEI_050.basePlot.ltr","D05","STEI","STEI_050","23_400","STEI_050_272",45.508956,-89.584873,475.6,"deciduousForest","tower","WGS84",20.2,0.2,"2015-07-29","NEON.DOC.001710vB","Y","Ground","Random",1.5,,"TMILLER@FIELD-OPS.ORG"
"a00a1208-5038-4df3-a42a-a5f3c50ae074","STEI_050.basePlot.ltr","D05","STEI","STEI_050","23_400","STEI_050_291",45.508956,-89.584873,475.6,"deciduousForest","tower","WGS84",20.2,0.2,"2015-07-29","NEON.DOC.001710vB","Y","Elevated","Random",0.5,,"TMILLER@FIELD-OPS.ORG"
"9c00f931-1db6-4a9d-8f97-5eee06539066","STEI_050.basePlot.ltr","D05","STEI","STEI_050","21_400","STEI_050_185",45.508956,-89.584873,475.6,"deciduousForest","tower","WGS84",20.2,0.2,"2015-07-29","NEON.DOC.001710vB","Y","Elevated","Random",0.5,,"TMILLER@FIELD-OPS.ORG"
"483c10d8-8374-4ce8-ad0e-ef8c7ade5008","STEI_060.basePlot.ltr","D05","STEI","STEI_060","21_400","STEI_060_061",45.506757,-89.587060,472.4,"deciduousForest","tower","WGS84",20.2,0.3,"2015-07-29","NEON.DOC.001710vB","Y","Elevated","Random",0.5,,"TMILLER@FIELD-OPS.ORG"
"ffef143f-3098-49ee-aad3-3121a375880e","STEI_049.basePlot.ltr","D05","STEI","STEI_049","41_400","STEI_049_903",45.507857,-89.585575,475.1,"deciduousForest","tower","WGS84",20.2,0.2,"2015-07-29","NEON.DOC.001710vB","Y","Elevated","Random",0.5,,"TMILLER@FIELD-OPS.ORG"
"83afe662-5b23-4898-8160-581fef50ae11","STEI_060.basePlot.ltr","D05","STEI","STEI_060","41_400","STEI_060_804",45.506757,-89.587060,472.4,"deciduousForest","tower","WGS84",20.2,0.3,"2015-07-29","NEON.DOC.001710vB","Y","Ground","Random",1.5,,"TMILLER@FIELD-OPS.ORG"
"cf3b314b-b22d-4e10-beb1-f07d58398f1b","STEI_062.basePlot.ltr","D05","STEI","STEI_062","21_400","STEI_062_139",45.505974,-89.585482,472.9,"deciduousForest","tower","WGS84",20.2,0.3,"2015-07-29","NEON.DOC.001710vB","Y","Elevated","Random",0.5,,"MPEYTON@FIELD-OPS.ORG"
"77ad8962-055e-44f6-a2b4-fadca4be1e34","STEI_060.basePlot.ltr","D05","STEI","STEI_060","21_400","STEI_060_211",45.506757,-89.587060,472.4,"deciduousForest","tower","WGS84",20.2,0.3,"2015-07-29","NEON.DOC.001710vB","Y","Ground","Random",1.5,,"TMILLER@FIELD-OPS.ORG"
"a0afae53-4084-4f08-95bd-f086610e556a","STEI_062.basePlot.ltr","D05","STEI","STEI_062","23_400","STEI_062_370",45.505974,-89.585482,472.9,"deciduousForest","tower","WGS84",20.2,0.3,"2015-07-29","NEON.DOC.001710vB","Y","Ground","Random",1.5,,"MPEYTON@FIELD-OPS.ORG"
"13021ca4-d140-4b21-b503-a9f866d4aef3","STEI_049.basePlot.ltr","D05","STEI","STEI_049","41_400","STEI_049_960",45.507857,-89.585575,475.1,"deciduousForest","tower","WGS84",20.2,0.2,"2015-07-29","NEON.DOC.001710vB","Y","Ground","Random",1.5,,"TMILLER@FIELD-OPS.ORG"
"9024fa00-f2b1-40c2-a991-3c9d27f5fdf4","STEI_062.basePlot.ltr","D05","STEI","STEI_062","23_400","STEI_062_452",45.505974,-89.585482,472.9,"deciduousForest","tower","WGS84",20.2,0.3,"2015-07-29","NEON.DOC.001710vB","Y","Elevated","Random",0.5,,"MPEYTON@FIELD-OPS.ORG"
"6ee95760-1c00-4e2e-9bdf-1486e1536c4a","STEI_054.basePlot.ltr","D05","STEI","STEI_054","23_400","STEI_054_441",45.509976,-89.585672,475.5,"deciduousForest","tower","WGS84",20.3,0.4,"2015-07-29","NEON.DOC.001710vB","Y","Ground","Random",1.5,,"TMILLER@FIELD-OPS.ORG"
"fcab7511-eb6e-4a9b-b5ec-2cb2c7cc706c","STEI_049.basePlot.ltr","D05","STEI","STEI_049","39_400","STEI_049_706",45.507857,-89.585575,475.1,"deciduousForest","tower","WGS84",20.2,0.2,"2015-07-29","NEON.DOC.001710vB","Y","Ground","Random",1.5,,"TMILLER@FIELD-OPS.ORG"
"5aae9b38-8c15-42ad-9f9b-eb3f2a86b03b","STEI_062.basePlot.ltr","D05","STEI","STEI_062","21_400","STEI_062_099",45.505974,-89.585482,472.9,"deciduousForest","tower","WGS84",20.2,0.3,"2015-07-29","NEON.DOC.001710vB","Y","Ground","Random",1.5,,"MPEYTON@FIELD-OPS.ORG"
"aa6a0cda-e7d1-4635-a1e2-218bf420f807","STEI_054.basePlot.ltr","D05","STEI","STEI_054","41_400","STEI_054_756",45.509976,-89.585672,475.5,"deciduousForest","tower","WGS84",20.3,0.4,"2015-07-29","NEON.DOC.001710vB","Y","Elevated","Random",0.5,"Moved 1m S","TMILLER@FIELD-OPS.ORG"
"bf3670d8-dc69-4f5a-95a2-d696d5234f29","STEI_054.basePlot.ltr","D05","STEI","STEI_054","23_400","STEI_054_372",45.509976,-89.585672,475.5,"deciduousForest","tower","WGS84",20.3,0.4,"2015-07-29","NEON.DOC.001710vB","Y","Elevated","Random",0.5,,"TMILLER@FIELD-OPS.ORG"
"6bd33c2f-3e49-42ac-b235-418ff32e87b1","STEI_060.basePlot.ltr","D05","STEI","STEI_060","41_400","STEI_060_901",45.506757,-89.587060,472.4,"deciduousForest","tower","WGS84",20.2,0.3,"2015-07-29","NEON.DOC.001710vB","Y","Elevated","Random",0.5,,"TMILLER@FIELD-OPS.ORG"
"0c0dc921-071c-4d77-ad1b-d3dffb232f16","STEI_057.basePlot.ltr","D05","STEI","STEI_057","21_400","STEI_057_061",45.507076,-89.584791,473.2,"deciduousForest","tower","WGS84",20.3,0.4,"2015-07-29","NEON.DOC.001710vB","Y","Elevated","Random",0.5,,"TMILLER@FIELD-OPS.ORG"
"6459f5ae-16f0-42b9-8299-4166ac40b618","STEI_057.basePlot.ltr","D05","STEI","STEI_057","21_400","STEI_057_211",45.507076,-89.584791,473.2,"deciduousForest","tower","WGS84",20.3,0.4,"2015-07-29","NEON.DOC.001710vB","Y","Ground","Random",1.5,,"TMILLER@FIELD-OPS.ORG"
"dccc7a52-ebfd-4bfc-8d1f-4b19f0413e91","STEI_057.basePlot.ltr","D05","STEI","STEI_057","41_400","STEI_057_804",45.507076,-89.584791,473.2,"deciduousForest","tower","WGS84",20.3,0.4,"2015-07-29","NEON.DOC.001710vB","Y","Ground","Random",1.5,,"TMILLER@FIELD-OPS.ORG"
"2ec185da-eb75-4493-aac8-ac75a1c21653","STEI_050.basePlot.ltr","D05","STEI","STEI_050","21_400","STEI_050_024",45.508956,-89.584873,475.6,"deciduousForest","tower","WGS84",20.2,0.2,"2015-07-29","NEON.DOC.001710vB","Y","Ground","Random",1.5,,"TMILLER@FIELD-OPS.ORG"
"b6d86668-5d07-4ce9-b95a-30547fb33012","STEI_057.basePlot.ltr","D05","STEI","STEI_057","41_400","STEI_057_901",45.507076,-89.584791,473.2,"deciduousForest","tower","WGS84",20.3,0.4,"2015-07-29","NEON.DOC.001710vB","Y","Elevated","Random",0.5,,"TMILLER@FIELD-OPS.ORG"
"58bfd7a4-a873-44eb-a993-bf08a9f7955c","STEI_049.basePlot.ltr","D05","STEI","STEI_049","39_400","STEI_049_607",45.507857,-89.585575,475.1,"deciduousForest","tower","WGS84",20.2,0.2,"2015-07-29","NEON.DOC.001710vB","Y","Elevated","Random",0.5,"Moved 1m N","TMILLER@FIELD-OPS.ORG"
"3e22a185-805f-480f-8ea1-a8e902a91c08","STEI_054.basePlot.ltr","D05","STEI","STEI_054","41_400","STEI_054_903",45.509976,-89.585672,475.5,"deciduousForest","tower","WGS84",20.3,0.4,"2015-07-29","NEON.DOC.001710vB","Y","Ground","Random",1.5,,"TMILLER@FIELD-OPS.ORG"
"ffeb90dd-7a59-49c1-b585-97a3b3a8b847","STEI_056.basePlot.ltr","D05","STEI","STEI_056","41_400","STEI_056_889",45.507520,-89.587891,475.4,"deciduousForest","tower","WGS84",20.3,0.3,"2015-07-30","NEON.DOC.001710vB","Y","Ground","Random",1.5,,"TMILLER@FIELD-OPS.ORG"
"809bc5d1-d93e-432b-9b49-a9e86261b534","STEI_056.basePlot.ltr","D05","STEI","STEI_056","23_400","STEI_056_297",45.507520,-89.587891,475.4,"deciduousForest","tower","WGS84",20.3,0.3,"2015-07-30","NEON.DOC.001710vB","Y","Elevated","Random",0.5,,"TMILLER@FIELD-OPS.ORG"
"d84bd2b2-feab-4cf0-a8ad-d2ec0cb709ee","STEI_059.basePlot.ltr","D05","STEI","STEI_059","21_400","STEI_059_139",45.508883,-89.588327,474.5,"deciduousForest","tower","WGS84",20.2,0.2,"2015-07-30","NEON.DOC.001710vB","Y","Elevated","Random",0.5,,"TMILLER@FIELD-OPS.ORG"
"283345d1-369c-498b-a8a6-d0b822e4f83c","STEI_048.basePlot.ltr","D05","STEI","STEI_048","41_400","STEI_048_885",45.509453,-89.587196,474.2,"deciduousForest","tower","WGS84",20.2,0.2,"2015-07-30","NEON.DOC.001710vB","Y","Elevated","Random",0.5,,"TMILLER@FIELD-OPS.ORG"
"6689903d-f76b-45ff-94ef-30d36f47f0ae","STEI_048.basePlot.ltr","D05","STEI","STEI_048","21_400","STEI_048_076",45.509453,-89.587196,474.2,"deciduousForest","tower","WGS84",20.2,0.2,"2015-07-30","NEON.DOC.001710vB","Y","Elevated","Random",0.5,,"TMILLER@FIELD-OPS.ORG"
"47779432-7632-4eb7-8c64-ca1a983af646","STEI_059.basePlot.ltr","D05","STEI","STEI_059","21_400","STEI_059_131",45.508883,-89.588327,474.5,"deciduousForest","tower","WGS84",20.2,0.2,"2015-07-30","NEON.DOC.001710vB","Y","Ground","Random",1.5,,"TMILLER@FIELD-OPS.ORG"
"39cec39d-7658-46a2-bac3-09a9add2cc46","STEI_059.basePlot.ltr","D05","STEI","STEI_059","23_400","STEI_059_452",45.508883,-89.588327,474.5,"deciduousForest","tower","WGS84",20.2,0.2,"2015-07-30","NEON.DOC.001710vB","Y","Elevated","Random",0.5,,"TMILLER@FIELD-OPS.ORG"
"c1da60a2-d57d-47f3-b00e-5a58b578d0d6","STEI_048.basePlot.ltr","D05","STEI","STEI_048","41_400","STEI_048_900",45.509453,-89.587196,474.2,"deciduousForest","tower","WGS84",20.2,0.2,"2015-07-30","NEON.DOC.001710vB","Y","Ground","Random",1.5,,"TMILLER@FIELD-OPS.ORG"
"5be573eb-4401-4db7-82db-419866d78b46","STEI_056.basePlot.ltr","D05","STEI","STEI_056","23_400","STEI_056_428",45.507520,-89.587891,475.4,"deciduousForest","tower","WGS84",20.3,0.3,"2015-07-30","NEON.DOC.001710vB","Y","Ground","Random",1.5,,"TMILLER@FIELD-OPS.ORG"
"fdad4a61-b8cd-4512-9c3f-804289cb21a3","STEI_059.basePlot.ltr","D05","STEI","STEI_059","23_400","STEI_059_370",45.508883,-89.588327,474.5,"deciduousForest","tower","WGS84",20.2,0.2,"2015-07-30","NEON.DOC.001710vB","Y","Ground","Random",1.5,,"TMILLER@FIELD-OPS.ORG"
"d9f4d17a-c660-4a5d-9559-88d549ffd354","STEI_056.basePlot.ltr","D05","STEI","STEI_056","41_400","STEI_056_808",45.507520,-89.587891,475.4,"deciduousForest","tower","WGS84",20.3,0.3,"2015-07-30","NEON.DOC.001710vB","Y","Elevated","Random",0.5,,"TMILLER@FIELD-OPS.ORG"
