fieldName,description,dataType,units,downloadPkg
time,The time or interval during which an Event occurred,dateTime,NA,basic
groundwaterSpecCond,Specific conductivity in groundwater in microsiemens per centimeter,real,microsiemensPerCentimeter,basic
groundwaterSpecCondExpUncert,Expanded uncertainty for Specific Conductivity in groundwater in degrees celsius,real,microsiemensPerCentimeter,basic
groundwaterSpecCondRangeQF,"Specific Conductivity in groundwater quality flag for the range test, detailed in NEON.DOC.011081 (1=fail, 0=pass, -1=NA (i.e., couldn't be run))",real,NA,basic
groundwaterSpecCondPersistQF,"Specific Conductivity in groundwater quality flag for the persistence test, detailed in NEON.DOC.011081 (1=fail, 0=pass, -1=NA (i.e., couldn't be run))",real,NA,basic
groundwaterSpecCondStepQF,"Specific Conductivity in groundwater quality flag for the step test, detailed in NEON.DOC.011081 (1=fail, 0=pass, -1=NA (i.e., couldn't be run))",real,NA,basic
groundwaterSpecCondNullQF,"Specific Conductivity in groundwater quality flag for the null test, detailed in NEON.DOC.011081 (1=fail, 0=pass, -1=NA (i.e., couldn't be run))",real,NA,basic
groundwaterSpecCondGapQF,"Specific Conductivity in groundwater quality flag for the gap test, detailed in NEON.DOC.011081 (1=fail, 0=pass, -1=NA (i.e., couldn't be run))",real,NA,basic
groundwaterSpecCondConsistQF,"Specific Conductivity in groundwater quality flag for the consistency test, detailed in NEON.DOC.011081 (1=fail, 0=pass, -1=NA (i.e., couldn't be run))",real,NA,none
groundwaterSpecCondSpikeQF,"Specific Conductivity in groundwater quality flag for the spike test, detailed in NEON.DOC.011081 (1=fail, 0=pass, -1=NA (i.e., couldn't be run))",real,NA,basic
startDateTime,Date and time at which a sampling is initiated,dateTime,NA,basic
endDateTime,Date and time at which a sampling is completed,dateTime,NA,basic
groundwaterSpecCondMean,Arithmetic mean of Specific Conductivity in groundwater in degrees celsius,real,microsiemensPerCentimeter,basic
groundwaterSpecCondMinimum,Minimum Specific Conductivity in groundwater in degrees celsius,real,microsiemensPerCentimeter,basic
groundwaterSpecCondMaximum,Maximum Specific Conductivity in groundwater in degrees celsius,real,microsiemensPerCentimeter,basic
groundwaterSpecCondVariance,Variance in Specific Conductivity in groundwater in degrees celsius,real,microsiemensPerCentimeterSquared,basic
groundwaterSpecCondNumPts,Number of points used to calculate the arithmetic mean of Specific Conductivity in groundwater in degrees celsius,real,number,basic
groundwaterSpecCondExpUncert,Expanded uncertainty for Specific Conductivity in groundwater in degrees celsius,real,microsiemensPerCentimeter,basic
groundwaterSpecCondStdErMean,Standard error of the mean for Specific Conductivity in groundwater in degrees celsius,real,microsiemensPerCentimeter,basic
gWatSCondRangeFailQM,"Quality metric that summarizes the failed outcomes of the range test over the averaging period, as a percent",real,percent,expanded
gWatSCondRangePassQM,"Quality metric that summarizes the passed outcomes of the range test over the averaging period, as a percent",real,percent,expanded
gWatSCondRangeNAQM,"Quality metric that summarizes when the range test could not be run over the averaging period, as a percent",real,percent,expanded
gWatSCondPersistenceFailQM,"Quality metric that summarizes the failed outcomes of the persistence test over the averaging period, as a percent",real,percent,expanded
gWatSCondPersistencePassQM,"Quality metric that summarizes the passed outcomes of the persistence test over the averaging period, as a percent",real,percent,expanded
gWatSCondPersistenceNAQM,"Quality metric that summarizes when the persistence test could not be run over the averaging period, as a percent",real,percent,expanded
gWatSCondStepFailQM,"Quality metric that summarizes the failed outcomes of the step test over the averaging period, as a percent",real,percent,expanded
gWatSCondStepPassQM,"Quality metric that summarizes the passed outcomes of the step test over the averaging period, as a percent",real,percent,expanded
gWatSCondStepNAQM,"Quality metric that summarizes when the step test could not be run over the averaging period, as a percent",real,percent,expanded
gWatSCondNullFailQM,"Quality metric that summarizes the failed outcomes of the null test over the averaging period, as a percent",real,percent,expanded
gWatSCondNullPassQM,"Quality metric that summarizes the passed outcomes of the null test over the averaging period, as a percent",real,percent,expanded
gWatSCondNullNAQM,"Quality metric that summarizes when the null test could not be run over the averaging period, as a percent",real,percent,expanded
gWatSCondGapFailQM,"Quality metric that summarizes the failed outcomes of the gap test over the averaging period, as a percent",real,percent,expanded
gWatSCondGapPassQM,"Quality metric that summarizes the passed outcomes of the gap test over the averaging period, as a percent",real,percent,expanded
gWatSCondGapNAQM,"Quality metric that summarizes when the gap test could not be run over the averaging period, as a percent",real,percent,expanded
gWatSCondSpikeFailQM,"Quality metric that summarizes the failed outcomes of the spike test over the averaging period, as a percent",real,percent,expanded
gWatSCondSpikePassQM,"Quality metric that summarizes the passed outcomes of the spike test over the averaging period, as a percent",real,percent,expanded
gWatSCondSpikeNAQM,"Quality metric that summarizes when the spike test could not be run over the averaging period, as a percent",real,percent,expanded
gWatSCondConsistencyFailQM,"Quality metric that summarizes the failed outcomes of the consistency test over the averaging period, as a percent",real,percent,none
gWatSCondConsistencyPassQM,"Quality metric that summarizes the passed outcomes of the consistency test over the averaging period, as a percent",real,percent,none
gWatSCondConsistencyNAQM,"Quality metric that summarizes when the consistency test could not be run over the averaging period, as a percent",real,percent,none
gWatSCondAlphaQM,"Quality metric detailing the outcomes of the alpha quality flag over the averaging period, as a percent and detailed in NEON.DOC.001113",real,percent,expanded
gWatSCondBetaQM,"Quality metric detailing the outcomes of the beta quality flag over the averaging period, as a percent and detailed in NEON.DOC.001113",real,percent,expanded
gWatSCondFinalQF,"Quality flag indicating whether a data product has passed or failed an overall assessment of its quality, detailed in NEON.DOC.001113 (1=fail, 0=pass)",real,NA,basic
