"fieldName","description","dataType","units","downloadPkg"
"bioTempMean","Arithmetic mean of IR biological temperature","real","celsius","basic"
"bioTempMinimum","Minimum IR biological temperature","real","celsius","basic"
"bioTempMaximum","Maximum IR biological temperature","real","celsius","basic"
"bioTempVariance","Variance in IR biological temperature","real","celsiusSquared","basic"
"bioTempNumPts","Number of points used to calculate the arithmetic mean of IR biological temperature","real",NA,"basic"
"bioTempExpUncert","Expanded uncertainty for IR biological temperature","real","celsius","basic"
"bioTempStdErMean","Standard error of the mean for IR biological temperature","real","celsius","basic"
"rangeQAQCRpt"," Quality assurance and quality control report for the range test, which indicates whether a datum exceeds a realistic value, detailed in NEON.DOC.011081 (1=fail, 0=pass, -1=NA (i.e., couldn't be run))","real",NA,"request"
"persistenceQAQCRpt"," Quality assurance and quality control report for the persistence test, which indicates  whether there is a realistic fluctuation of values over a designated period of time, detailed in NEON.DOC.011081 (1=fail, 0=pass, -1=NA (i.e., couldn't be run))","real",NA,"request"
"stepQAQCRpt"," Quality assurance and quality control report for the step test, which indicates whether unusual jumps in the data exist, detailed in NEON.DOC.011081 (1=fail, 0=pass, -1=NA (i.e., couldn't be run))","real",NA,"request"
"nullQAQCRpt"," Quality assurance and quality control report for the null test, which indicates a missing datum, detailed in NEON.DOC.011081 (1=fail, 0=pass, -1=NA (i.e., couldn't be run))","real",NA,"request"
"gapQAQCRpt"," Quality assurance and quality control report for the gap test, which indicates that the datum is missing and is apart of a prolonged period of missing data, detailed in NEON.DOC.011081 (1=fail, 0=pass)","real",NA,"request"
"consistencyQAQCRpt"," Quality assurance and quality control report for the consistency test, which indicates whether or not measurements are consistent with co-located measurements, (1=fail, 0=pass, -1=NA (i.e., couldn't be run))","real",NA,"request"
"spikeQAQCRpt"," Quality assurance and quality control report for the spike test, which indicates whether or not a datum has been identified as a spike, detailed in NEON.DOC.000783 (1=fail, 0=pass, -1=NA (i.e., couldn't be run))","real",NA,"request"
"NANQAQCRpt"," Quality assurance and quality control report for the not a number test, which indicates whether inputs to calculate biological temperature were erroneous, detailed in NEON.DOC.000652 (1=fail, 0=pass, -1=NA (i.e., couldn't be run))","real",NA,"request"
"alphaQAQCRpt"," Quality assurance and quality control report for the alpha quality flag, which indicates if one or more quality analysis failed for a datum, detailed in NEON.DOC.001113 (1=fail, 0=pass, -1=NA (i.e., couldn't be run))","real",NA,"request"
"betaQAQCRpt"," Quality assurance and quality control report for the beta quality flag, which indicates if one or more quality analysis could not be run for a datum, detailed in NEON.DOC.001113 (1=fail, 0=pass, -1=NA (i.e., couldn't be run))","real",NA,"request"
"rangeFailQM"," Quality metric that summarizes the failed outcomes of the range test over the averaging period, as a percent","real","percent","expanded"
"rangePassQM"," Quality metric that summarizes the passed outcomes of the range test over the averaging period, as a percent","real","percent","expanded"
"rangeNAQM"," Quality metric that summarizes when the range test could not be run over the averaging period, as a percent","real","percent","expanded"
"persistenceFailQM"," Quality metric that summarizes  the failed outcomes of the persistence test over the averaging period, as a percent","real","percent","expanded"
"persistencePassQM"," Quality metric that summarizes the passed outcomes of the persistence test over the averaging period, as a percent","real","percent","expanded"
"persistenceNAQM"," Quality metric that summarizes when the persistence test could not be run over the averaging period, as a percent","real","percent","expanded"
"stepFailQM"," Quality metric that summarizes the failed outcomes of the step test over the averaging period, as a percent","real","percent","expanded"
"stepPassQM"," Quality metric that summarizes the passed outcomes of the step test over the averaging period, as a percent","real","percent","expanded"
"stepNAQM"," Quality metric that summarizes when the step test could not be run over the averaging period, as a percent","real","percent","expanded"
"nullFailQM"," Quality metric that summarizes the failed outcomes of the null test over the averaging period, as a percent","real","percent","expanded"
"nullPassQM"," Quality metric that summarizes the passed outcomes of the null test over the averaging period, as a percent","real","percent","expanded"
"nullNAQM"," Quality metric that summarizes when the null test could not be run over the averaging period, as a percent","real","percent","expanded"
"gapFailQM"," Quality metric that summarizes the failed outcomes of the gap test over the averaging period, as a percent","real","percent","expanded"
"gapPassQM"," Quality metric that summarizes the passed outcomes of the gap test over the averaging period, as a percent","real","percent","expanded"
"gapNAQM"," Quality metric that summarizes when the gap test could not be run over the averaging period, as a percent","real","percent","expanded"
"spikeFailQM"," Quality metric that summarizes the failed outcomes of the spike test over the averaging period, as a percent","real","percent","expanded"
"spikePassQM"," Quality metric that summarizes the passed outcomes of the spike test over the averaging period, as a percent","real","percent","expanded"
"spikeNAQM"," Quality metric that summarizes when the spike test could not be run over the averaging period, as a percent","real","percent","expanded"
"consistencyFailQM"," Quality metric that summarizes the failed outcomes of the consistency test over the averaging period, as a percent","real","percent","expanded"
"consistencyPassQM"," Quality metric that summarizes the passed outcomes of the consistency test over the averaging period, as a percent","real","percent","expanded"
"consistencyNAQM"," Quality metric that summarizes when the consistency test could not be run over the averaging period, as a percent","real","percent","expanded"
"NANFailQM"," Quality metric that summarizes the failed outcomes of the not a number test over the averaging period, as a percent","real","percent","expanded"
"NANPassQM"," Quality metric that summarizes the passed outcomes of the not a number test over the averaging period, as a percent","real","percent","expanded"
"NANNAQM"," Quality metric that summarizes when the not a number test could not be run over the averaging period, as a percent","real","percent","expanded"
"alphaQM"," Quality metric detailing the outcomes of the alpha quality flag over the averaging period, as a percent and detailed in NEON.DOC.001113","real","percent","expanded"
"betaQM"," Quality metric detailing the outcomes of the beta quality flag over the averaging period, as a percent and detailed in NEON.DOC.001113","real","percent","expanded"
"finalQF"," Quality flag indicating whether a data product has passed or failed an overall assessment of its quality, detailed in NEON.DOC.001113 (1=fail, 0=pass)","real",NA,"basic"
