uid,namedLocation,domainID,siteID,plotID,subplotID,trapID,decimalLatitude,decimalLongitude,elevation,nlcdClass,plotType,geodeticDatum,coordinateUncertainty,elevationUncertainty,date,samplingProtocolVersion,targetTaxaPresent,trapType,trapPlacement,trapSize,remarks,recordedBy
"5f66c732-4246-412a-bca5-13e91ddc2eed","KONZ_046.basePlot.ltr","D06","KONZ","KONZ_046",,"KONZ_046_143",39.103068,-96.563925,405.7,"shrubScrub","tower","WGS84",20.1,0.1,"2015-09-10","NEON.DOC.001710vB","Y","Ground","Targeted",1.5,"No tagging completed. Cell 18.2; 10.5","nstanton@neoninc.org"
"98544dbe-f84a-4570-9ac6-d21052f77489","KONZ_061.basePlot.ltr","D06","KONZ","KONZ_061",,"KONZ_061_038",39.101908,-96.560495,398.7,"deciduousForest","tower","WGS84",10.3,0.3,"2015-09-10","NEON.DOC.001710vB","Y","Ground","Targeted",1.5,"No tagging completed","nstanton@neoninc.org"
"b72fd243-a9e2-43aa-a99e-53c466d59cfa","KONZ_061.basePlot.ltr","D06","KONZ","KONZ_061",,"KONZ_061_120",39.101908,-96.560495,398.7,"deciduousForest","tower","WGS84",10.3,0.3,"2015-09-10","NEON.DOC.001710vB","Y","Elevated","Targeted",0.5,"No tagging completed","nstanton@neoninc.org"
"9caf1546-97f6-4dba-a5a6-0ae40f92be46","KONZ_046.basePlot.ltr","D06","KONZ","KONZ_046",,"KONZ_046_065",39.103068,-96.563925,405.7,"shrubScrub","tower","WGS84",20.1,0.1,"2015-09-10","NEON.DOC.001710vB","Y","Elevated","Targeted",0.5,"No tagging completed. Cell 15.2; 4.5","nstanton@neoninc.org"
"c06e8c35-5a61-462a-92c2-b306682b95d1","KONZ_064.basePlot.ltr","D06","KONZ","KONZ_064",,"KONZ_064_099",39.098508,-96.565487,386.3,"shrubScrub","tower","WGS84",10.2,0.3,"2015-09-10","NEON.DOC.001710vB","Y","Elevated","Targeted",0.5,"No tagging completed","nstanton@neoninc.org"
"d5cc2c1f-eeb2-4956-8887-31d14a29f18b","KONZ_053.basePlot.ltr","D06","KONZ","KONZ_053",,"KONZ_053_023",39.098231,-96.566196,384.9,"grasslandHerbaceous","tower","WGS84",10.2,0.2,"2015-09-10","NEON.DOC.001710vB","Y","Ground","Targeted",1.5,"No tagging completed. Cell 12.2; 1.5; QC: no transcription error","nstanton@neoninc.org"
"4e6a83ab-8e5b-4dea-96a6-d4de62d8c846","KONZ_053.basePlot.ltr","D06","KONZ","KONZ_053",,"KONZ_053_061",39.098231,-96.566196,384.9,"grasslandHerbaceous","tower","WGS84",10.2,0.2,"2015-09-10","NEON.DOC.001710vB","Y","Elevated","Targeted",0.5,"No tagging completed. Cell 13.2; 4.5","nstanton@neoninc.org"
"bda122d4-a515-473f-8dad-9970ef28f243","KONZ_064.basePlot.ltr","D06","KONZ","KONZ_064",,"KONZ_064_050",39.098508,-96.565487,386.3,"shrubScrub","tower","WGS84",10.2,0.3,"2015-09-10","NEON.DOC.001710vB","Y","Ground","Targeted",1.5,"No tagging completed","nstanton@neoninc.org"
"0aae2774-83e4-4452-b348-ec7dd9ddb19e","KONZ_059.basePlot.ltr","D06","KONZ","KONZ_059",,"KONZ_059_187",39.103882,-96.564937,396.2,"shrubScrub","tower","WGS84",10.1,0.1,"2015-09-11","NEON.DOC.001710vB","Y","Ground","Targeted",1.5,"No tagging completed","nstanton@neoninc.org"
"de089469-c0fa-4315-be6c-6e53df0b7133","KONZ_063.basePlot.ltr","D06","KONZ","KONZ_063","31_400","KONZ_063_028",39.101971,-96.563630,409.9,"shrubScrub","tower","WGS84",10.1,0.2,"2015-09-11","NEON.DOC.001710vB","Y","Ground","Targeted",1.5,"Trap removed due to woody vegetation removal by site host","nstanton@neoninc.org"
"31304bfb-4847-4cbb-aba2-880f5d914ad0","KONZ_063.basePlot.ltr","D06","KONZ","KONZ_063","31_400","KONZ_063_162",39.101971,-96.563630,409.9,"shrubScrub","tower","WGS84",10.1,0.2,"2015-09-11","NEON.DOC.001710vB","Y","Elevated","Targeted",0.5,"Trap removed due to woody vegetation removal by site host","sferguson@battelleecology.org"
"40c17a16-b7fa-4b37-ac4d-3abf232c9077","KONZ_067.basePlot.ltr","D06","KONZ","KONZ_067",,"KONZ_067_191",39.103065,-96.564975,403.4,"shrubScrub","tower","WGS84",10.1,0.2,"2015-09-11","NEON.DOC.001710vB","Y","Elevated","Targeted",0.5,"No tagging completed. Cell 6.2; 16.5","nstanton@neoninc.org"
"8f16d30a-e88e-44a5-8427-fbef57316776","KONZ_067.basePlot.ltr","D06","KONZ","KONZ_067",,"KONZ_067_196",39.103065,-96.564975,403.4,"shrubScrub","tower","WGS84",10.1,0.2,"2015-09-11","NEON.DOC.001710vB","Y","Ground","Targeted",1.5,"No tagging completed. Cell 8.7; 16.5","nstanton@neoninc.org"
"2ad2abd6-2c61-4f1f-9cde-1b8ac76bba86","KONZ_059.basePlot.ltr","D06","KONZ","KONZ_059","31_400","KONZ_059_152",39.103882,-96.564937,396.2,"shrubScrub","tower","WGS84",10.1,0.1,"2015-09-11","NEON.DOC.001710vB","Y","Elevated","Targeted",0.5,"Trap dropped due to woody vegetation removal by site host","nstanton@neoninc.org"
"8444fc12-57b7-4cef-af2a-22962399d07e","KONZ_069.basePlot.ltr","D06","KONZ","KONZ_069","31_400","KONZ_069_149",39.102726,-96.561164,390.7,"grasslandHerbaceous","tower","WGS84",10.2,0.2,"2016-04-19","NEON.DOC.001710vE","Y","Elevated","Targeted",0.5,,"fbouchard@neoninc.org"
"8161947c-7960-47c6-9ff7-59ed0f0d836c","KONZ_069.basePlot.ltr","D06","KONZ","KONZ_069","31_400","KONZ_069_164",39.102726,-96.561164,390.7,"grasslandHerbaceous","tower","WGS84",10.2,0.2,"2016-04-19","NEON.DOC.001710vE","Y","Ground","Targeted",1.5,,"fbouchard@neoninc.org"
"f2e8f616-d905-46c1-a6e3-8174b5e50a7d","KONZ_059.basePlot.ltr","D06","KONZ","KONZ_059","31_400","KONZ_059_052",39.103882,-96.564937,396.2,"shrubScrub","tower","WGS84",10.1,0.1,"2016-04-19","NEON.DOC.001710vE","Y","Ground","Targeted",1.5,"Trap dropped due to woody vegetation removal by site host","fbouchard@neoninc.org"
"93d29e3e-0fcd-4490-ac6e-93561f6d587b","KONZ_064.basePlot.ltr","D06","KONZ","KONZ_064","31_400","KONZ_064_007",39.098508,-96.565487,386.3,"shrubScrub","tower","WGS84",10.2,0.3,"2019-03-20","NEON.DOC.001710vF","Y","Elevated","Targeted",0.5,,"0000-0002-2135-1091"
