startDateTime,endDateTime,staPresMean,staPresMinimum,staPresMaximum,staPresVariance,staPresNumPts,staPresExpUncert,staPresStdErMean,staPresFinalQF,corPres,corPresExpUncert,corPresFinalQF
"2016-02-29T23:30:00Z","2016-03-01T00:00:00Z",,,,,,,,1,,,
"2016-03-01T00:00:00Z","2016-03-01T00:30:00Z",,,,,,,,1,,,
"2016-03-01T00:30:00Z","2016-03-01T01:00:00Z",,,,,,,,1,,,
"2016-03-01T01:00:00Z","2016-03-01T01:30:00Z",,,,,,,,1,,,
"2016-03-01T01:30:00Z","2016-03-01T02:00:00Z",,,,,,,,1,,,
"2016-03-01T02:00:00Z","2016-03-01T02:30:00Z",,,,,,,,1,,,
"2016-03-01T02:30:00Z","2016-03-01T03:00:00Z",,,,,,,,1,,,
"2016-03-01T03:00:00Z","2016-03-01T03:30:00Z",,,,,,,,1,,,
"2016-03-01T03:30:00Z","2016-03-01T04:00:00Z",,,,,,,,1,,,
"2016-03-01T04:00:00Z","2016-03-01T04:30:00Z",,,,,,,,1,,,
"2016-03-01T04:30:00Z","2016-03-01T05:00:00Z",,,,,,,,1,,,
"2016-03-01T05:00:00Z","2016-03-01T05:30:00Z",,,,,,,,1,,,
"2016-03-01T05:30:00Z","2016-03-01T06:00:00Z",,,,,,,,1,,,
"2016-03-01T06:00:00Z","2016-03-01T06:30:00Z",,,,,,,,1,,,
"2016-03-01T06:30:00Z","2016-03-01T07:00:00Z",,,,,,,,1,,,
"2016-03-01T07:00:00Z","2016-03-01T07:30:00Z",,,,,,,,1,,,
"2016-03-01T07:30:00Z","2016-03-01T08:00:00Z",,,,,,,,1,,,
"2016-03-01T12:00:00Z","2016-03-01T12:30:00Z",,,,,,,,1,,,
"2016-03-01T12:30:00Z","2016-03-01T13:00:00Z",,,,,,,,1,,,
"2016-03-01T13:00:00Z","2016-03-01T13:30:00Z",,,,,,,,1,,,
"2016-03-01T13:30:00Z","2016-03-01T14:00:00Z",,,,,,,,,,,
"2016-03-01T14:00:00Z","2016-03-01T14:30:00Z",,,,,,,,1,,,
"2016-03-01T14:30:00Z","2016-03-01T15:00:00Z",,,,,,,,1,,,
"2016-03-01T15:00:00Z","2016-03-01T15:30:00Z",,,,,,,,1,,,
"2016-03-01T15:30:00Z","2016-03-01T16:00:00Z",,,,,,,,1,,,
"2016-03-01T16:00:00Z","2016-03-01T16:30:00Z",,,,,,,,1,,,
"2016-03-01T16:30:00Z","2016-03-01T17:00:00Z",,,,,,,,1,,,
"2016-03-01T17:00:00Z","2016-03-01T17:30:00Z",,,,,,,,1,,,
"2016-03-01T17:30:00Z","2016-03-01T18:00:00Z",,,,,,,,1,,,
"2016-03-01T18:00:00Z","2016-03-01T18:30:00Z",,,,,,,,1,,,
"2016-03-01T18:30:00Z","2016-03-01T19:00:00Z",,,,,,,,1,,,
"2016-03-01T19:00:00Z","2016-03-01T19:30:00Z",,,,,,,,1,,,
"2016-03-01T19:30:00Z","2016-03-01T20:00:00Z",,,,,,,,1,,,
"2016-03-01T20:00:00Z","2016-03-01T20:30:00Z",,,,,,,,1,,,
"2016-03-01T20:30:00Z","2016-03-01T21:00:00Z",,,,,,,,1,,,
"2016-03-01T21:00:00Z","2016-03-01T21:30:00Z",,,,,,,,1,,,
"2016-03-01T21:30:00Z","2016-03-01T22:00:00Z",,,,,,,,1,,,
"2016-03-01T22:00:00Z","2016-03-01T22:30:00Z",,,,,,,,1,,,
"2016-03-01T22:30:00Z","2016-03-01T23:00:00Z",,,,,,,,1,,,
"2016-03-01T23:00:00Z","2016-03-01T23:30:00Z",,,,,,,,1,,,
"2016-03-01T23:30:00Z","2016-03-02T00:00:00Z",,,,,,,,1,,,
"2016-03-02T00:00:00Z","2016-03-02T00:30:00Z",,,,,,,,1,,,
"2016-03-02T00:30:00Z","2016-03-02T01:00:00Z",,,,,,,,1,,,
"2016-03-02T01:00:00Z","2016-03-02T01:30:00Z",,,,,,,,1,,,
"2016-03-02T01:30:00Z","2016-03-02T02:00:00Z",,,,,,,,1,,,
"2016-03-02T02:00:00Z","2016-03-02T02:30:00Z",,,,,,,,1,,,
"2016-03-02T02:30:00Z","2016-03-02T03:00:00Z",,,,,,,,1,,,
"2016-03-02T03:00:00Z","2016-03-02T03:30:00Z",,,,,,,,1,,,
"2016-03-02T03:30:00Z","2016-03-02T04:00:00Z",,,,,,,,1,,,
"2016-03-02T04:00:00Z","2016-03-02T04:30:00Z",,,,,,,,1,,,
"2016-03-02T04:30:00Z","2016-03-02T05:00:00Z",,,,,,,,1,,,
"2016-03-02T05:00:00Z","2016-03-02T05:30:00Z",,,,,,,,1,,,
"2016-03-02T05:30:00Z","2016-03-02T06:00:00Z",,,,,,,,1,,,
"2016-03-02T06:00:00Z","2016-03-02T06:30:00Z",,,,,,,,1,,,
"2016-03-02T06:30:00Z","2016-03-02T07:00:00Z",,,,,,,,1,,,
"2016-03-02T07:00:00Z","2016-03-02T07:30:00Z",,,,,,,,1,,,
"2016-03-02T07:30:00Z","2016-03-02T08:00:00Z",,,,,,,,1,,,
"2016-03-02T08:00:00Z","2016-03-02T08:30:00Z",,,,,,,,1,,,
"2016-03-02T08:30:00Z","2016-03-02T09:00:00Z",,,,,,,,1,,,
"2016-03-02T09:00:00Z","2016-03-02T09:30:00Z",,,,,,,,1,,,
"2016-03-02T09:30:00Z","2016-03-02T10:00:00Z",,,,,,,,1,,,
"2016-03-02T10:00:00Z","2016-03-02T10:30:00Z",,,,,,,,1,,,
"2016-03-02T10:30:00Z","2016-03-02T11:00:00Z",,,,,,,,1,,,
"2016-03-02T11:00:00Z","2016-03-02T11:30:00Z",,,,,,,,1,,,
"2016-03-02T11:30:00Z","2016-03-02T12:00:00Z",,,,,,,,1,,,
"2016-03-02T12:00:00Z","2016-03-02T12:30:00Z",,,,,,,,1,,,
"2016-03-02T12:30:00Z","2016-03-02T13:00:00Z",,,,,,,,1,,,
"2016-03-02T13:00:00Z","2016-03-02T13:30:00Z",,,,,,,,1,,,
"2016-03-02T13:30:00Z","2016-03-02T14:00:00Z",,,,,,,,1,,,
"2016-03-02T14:00:00Z","2016-03-02T14:30:00Z",,,,,,,,1,,,
"2016-03-02T14:30:00Z","2016-03-02T15:00:00Z",,,,,,,,1,,,
"2016-03-02T15:00:00Z","2016-03-02T15:30:00Z",,,,,,,,1,,,
"2016-03-02T15:30:00Z","2016-03-02T16:00:00Z",,,,,,,,1,,,
"2016-03-02T16:00:00Z","2016-03-02T16:30:00Z",,,,,,,,1,,,
"2016-03-02T16:30:00Z","2016-03-02T17:00:00Z",,,,,,,,1,,,
"2016-03-02T17:00:00Z","2016-03-02T17:30:00Z",,,,,,,,1,,,
"2016-03-02T17:30:00Z","2016-03-02T18:00:00Z",,,,,,,,1,,,
"2016-03-02T18:00:00Z","2016-03-02T18:30:00Z",,,,,,,,1,,,
"2016-03-02T18:30:00Z","2016-03-02T19:00:00Z",,,,,,,,1,,,
"2016-03-02T19:00:00Z","2016-03-02T19:30:00Z",,,,,,,,1,,,
"2016-03-02T19:30:00Z","2016-03-02T20:00:00Z",,,,,,,,1,,,
"2016-03-02T20:00:00Z","2016-03-02T20:30:00Z",,,,,,,,1,,,
"2016-03-02T20:30:00Z","2016-03-02T21:00:00Z",,,,,,,,1,,,
"2016-03-02T21:00:00Z","2016-03-02T21:30:00Z",,,,,,,,1,,,
"2016-03-02T21:30:00Z","2016-03-02T22:00:00Z",,,,,,,,1,,,
"2016-03-02T22:00:00Z","2016-03-02T22:30:00Z",,,,,,,,1,,,
"2016-03-02T22:30:00Z","2016-03-02T23:00:00Z",,,,,,,,1,,,
"2016-03-02T23:00:00Z","2016-03-02T23:30:00Z",,,,,,,,1,,,
"2016-03-02T23:30:00Z","2016-03-03T00:00:00Z",,,,,,,,1,,,
"2016-03-03T00:00:00Z","2016-03-03T00:30:00Z",,,,,,,,1,,,
"2016-03-03T00:30:00Z","2016-03-03T01:00:00Z",,,,,,,,,,,
"2016-03-03T01:00:00Z","2016-03-03T01:30:00Z",,,,,,,,1,,,
"2016-03-03T01:30:00Z","2016-03-03T02:00:00Z",,,,,,,,1,,,
"2016-03-03T02:00:00Z","2016-03-03T02:30:00Z",,,,,,,,1,,,
"2016-03-03T02:30:00Z","2016-03-03T03:00:00Z",,,,,,,,1,,,
"2016-03-03T03:00:00Z","2016-03-03T03:30:00Z",,,,,,,,1,,,
"2016-03-03T03:30:00Z","2016-03-03T04:00:00Z",,,,,,,,1,,,
"2016-03-03T04:00:00Z","2016-03-03T04:30:00Z",,,,,,,,1,,,
"2016-03-03T04:30:00Z","2016-03-03T05:00:00Z",,,,,,,,1,,,
"2016-03-03T05:00:00Z","2016-03-03T05:30:00Z",,,,,,,,1,,,
"2016-03-03T05:30:00Z","2016-03-03T06:00:00Z",,,,,,,,1,,,
"2016-03-03T06:00:00Z","2016-03-03T06:30:00Z",,,,,,,,1,,,
"2016-03-03T06:30:00Z","2016-03-03T07:00:00Z",,,,,,,,1,,,
"2016-03-03T07:00:00Z","2016-03-03T07:30:00Z",,,,,,,,1,,,
"2016-03-03T07:30:00Z","2016-03-03T08:00:00Z",,,,,,,,1,,,
"2016-03-03T08:00:00Z","2016-03-03T08:30:00Z",,,,,,,,1,,,
"2016-03-03T08:30:00Z","2016-03-03T09:00:00Z",,,,,,,,1,,,
"2016-03-03T09:00:00Z","2016-03-03T09:30:00Z",,,,,,,,1,,,
"2016-03-03T09:30:00Z","2016-03-03T10:00:00Z",,,,,,,,1,,,
"2016-03-03T10:00:00Z","2016-03-03T10:30:00Z",,,,,,,,1,,,
"2016-03-03T10:30:00Z","2016-03-03T11:00:00Z",,,,,,,,1,,,
"2016-03-03T11:00:00Z","2016-03-03T11:30:00Z",,,,,,,,1,,,
"2016-03-03T11:30:00Z","2016-03-03T12:00:00Z",,,,,,,,1,,,
"2016-03-03T12:00:00Z","2016-03-03T12:30:00Z",,,,,,,,1,,,
"2016-03-03T12:30:00Z","2016-03-03T13:00:00Z",,,,,,,,1,,,
"2016-03-03T13:00:00Z","2016-03-03T13:30:00Z",,,,,,,,1,,,
"2016-03-03T13:30:00Z","2016-03-03T14:00:00Z",,,,,,,,1,,,
"2016-03-03T14:00:00Z","2016-03-03T14:30:00Z",,,,,,,,1,,,
"2016-03-03T14:30:00Z","2016-03-03T15:00:00Z",,,,,,,,1,,,
"2016-03-03T15:00:00Z","2016-03-03T15:30:00Z",,,,,,,,1,,,
"2016-03-03T15:30:00Z","2016-03-03T16:00:00Z",,,,,,,,1,,,
"2016-03-03T16:00:00Z","2016-03-03T16:30:00Z",,,,,,,,1,,,
"2016-03-03T16:30:00Z","2016-03-03T17:00:00Z",,,,,,,,1,,,
"2016-03-03T17:00:00Z","2016-03-03T17:30:00Z",,,,,,,,1,,,
"2016-03-03T17:30:00Z","2016-03-03T18:00:00Z",,,,,,,,1,,,
"2016-03-03T18:00:00Z","2016-03-03T18:30:00Z",,,,,,,,1,,,
"2016-03-03T18:30:00Z","2016-03-03T19:00:00Z",,,,,,,,1,,,
"2016-03-03T19:00:00Z","2016-03-03T19:30:00Z",,,,,,,,1,,,
"2016-03-03T19:30:00Z","2016-03-03T20:00:00Z",,,,,,,,1,,,
"2016-03-03T20:00:00Z","2016-03-03T20:30:00Z",,,,,,,,1,,,
"2016-03-03T20:30:00Z","2016-03-03T21:00:00Z",,,,,,,,1,,,
"2016-03-03T21:00:00Z","2016-03-03T21:30:00Z",,,,,,,,1,,,
"2016-03-03T21:30:00Z","2016-03-03T22:00:00Z",,,,,,,,1,,,
"2016-03-03T22:00:00Z","2016-03-03T22:30:00Z",,,,,,,,1,,,
"2016-03-03T22:30:00Z","2016-03-03T23:00:00Z",,,,,,,,1,,,
"2016-03-03T23:00:00Z","2016-03-03T23:30:00Z",,,,,,,,1,,,
"2016-03-03T23:30:00Z","2016-03-04T00:00:00Z",,,,,,,,1,,,
"2016-03-04T00:00:00Z","2016-03-04T00:30:00Z",,,,,,,,1,,,
"2016-03-04T00:30:00Z","2016-03-04T01:00:00Z",,,,,,,,1,,,
"2016-03-04T01:00:00Z","2016-03-04T01:30:00Z",,,,,,,,1,,,
"2016-03-04T01:30:00Z","2016-03-04T02:00:00Z",,,,,,,,1,,,
"2016-03-04T02:00:00Z","2016-03-04T02:30:00Z",,,,,,,,1,,,
"2016-03-04T02:30:00Z","2016-03-04T03:00:00Z",,,,,,,,1,,,
"2016-03-04T03:00:00Z","2016-03-04T03:30:00Z",,,,,,,,1,,,
"2016-03-04T03:30:00Z","2016-03-04T04:00:00Z",,,,,,,,1,,,
"2016-03-04T04:00:00Z","2016-03-04T04:30:00Z",,,,,,,,1,,,
"2016-03-04T04:30:00Z","2016-03-04T05:00:00Z",,,,,,,,1,,,
"2016-03-04T05:00:00Z","2016-03-04T05:30:00Z",,,,,,,,1,,,
"2016-03-04T05:30:00Z","2016-03-04T06:00:00Z",,,,,,,,1,,,
"2016-03-04T06:00:00Z","2016-03-04T06:30:00Z",,,,,,,,1,,,
"2016-03-04T06:30:00Z","2016-03-04T07:00:00Z",,,,,,,,1,,,
"2016-03-04T07:00:00Z","2016-03-04T07:30:00Z",,,,,,,,1,,,
"2016-03-04T07:30:00Z","2016-03-04T08:00:00Z",,,,,,,,1,,,
"2016-03-04T08:00:00Z","2016-03-04T08:30:00Z",,,,,,,,1,,,
"2016-03-04T08:30:00Z","2016-03-04T09:00:00Z",,,,,,,,1,,,
"2016-03-04T09:00:00Z","2016-03-04T09:30:00Z",,,,,,,,1,,,
"2016-03-04T09:30:00Z","2016-03-04T10:00:00Z",,,,,,,,1,,,
"2016-03-04T10:00:00Z","2016-03-04T10:30:00Z",,,,,,,,1,,,
"2016-03-04T10:30:00Z","2016-03-04T11:00:00Z",,,,,,,,1,,,
"2016-03-04T11:00:00Z","2016-03-04T11:30:00Z",,,,,,,,1,,,
"2016-03-04T11:30:00Z","2016-03-04T12:00:00Z",,,,,,,,1,,,
"2016-03-04T12:00:00Z","2016-03-04T12:30:00Z",,,,,,,,1,,,
"2016-03-04T12:30:00Z","2016-03-04T13:00:00Z",,,,,,,,1,,,
"2016-03-04T13:00:00Z","2016-03-04T13:30:00Z",,,,,,,,1,,,
"2016-03-04T13:30:00Z","2016-03-04T14:00:00Z",,,,,,,,1,,,
"2016-03-04T14:00:00Z","2016-03-04T14:30:00Z",,,,,,,,1,,,
"2016-03-04T14:30:00Z","2016-03-04T15:00:00Z",,,,,,,,1,,,
"2016-03-04T15:00:00Z","2016-03-04T15:30:00Z",,,,,,,,1,,,
"2016-03-04T15:30:00Z","2016-03-04T16:00:00Z",,,,,,,,1,,,
"2016-03-04T16:00:00Z","2016-03-04T16:30:00Z",,,,,,,,1,,,
"2016-03-04T16:30:00Z","2016-03-04T17:00:00Z",,,,,,,,1,,,
"2016-03-04T17:00:00Z","2016-03-04T17:30:00Z",,,,,,,,1,,,
"2016-03-04T17:30:00Z","2016-03-04T18:00:00Z",,,,,,,,1,,,
"2016-03-04T18:00:00Z","2016-03-04T18:30:00Z",,,,,,,,1,,,
"2016-03-04T18:30:00Z","2016-03-04T19:00:00Z",,,,,,,,1,,,
"2016-03-04T19:00:00Z","2016-03-04T19:30:00Z",,,,,,,,1,,,
"2016-03-04T19:30:00Z","2016-03-04T20:00:00Z",,,,,,,,1,,,
"2016-03-04T20:00:00Z","2016-03-04T20:30:00Z",,,,,,,,1,,,
"2016-03-04T20:30:00Z","2016-03-04T21:00:00Z",,,,,,,,1,,,
"2016-03-04T21:00:00Z","2016-03-04T21:30:00Z",,,,,,,,1,,,
"2016-03-04T21:30:00Z","2016-03-04T22:00:00Z",,,,,,,,1,,,
"2016-03-04T22:00:00Z","2016-03-04T22:30:00Z",,,,,,,,1,,,
"2016-03-04T22:30:00Z","2016-03-04T23:00:00Z",,,,,,,,1,,,
"2016-03-04T23:00:00Z","2016-03-04T23:30:00Z",,,,,,,,1,,,
"2016-03-04T23:30:00Z","2016-03-05T00:00:00Z",,,,,,,,1,,,
"2016-03-05T00:00:00Z","2016-03-05T00:30:00Z",,,,,,,,1,,,
"2016-03-05T00:30:00Z","2016-03-05T01:00:00Z",,,,,,,,1,,,
"2016-03-05T01:00:00Z","2016-03-05T01:30:00Z",,,,,,,,1,,,
"2016-03-05T01:30:00Z","2016-03-05T02:00:00Z",,,,,,,,1,,,
"2016-03-05T02:00:00Z","2016-03-05T02:30:00Z",,,,,,,,1,,,
"2016-03-05T02:30:00Z","2016-03-05T03:00:00Z",,,,,,,,1,,,
"2016-03-05T03:00:00Z","2016-03-05T03:30:00Z",,,,,,,,1,,,
"2016-03-05T03:30:00Z","2016-03-05T04:00:00Z",,,,,,,,1,,,
"2016-03-05T04:00:00Z","2016-03-05T04:30:00Z",,,,,,,,1,,,
"2016-03-05T04:30:00Z","2016-03-05T05:00:00Z",,,,,,,,1,,,
"2016-03-05T05:00:00Z","2016-03-05T05:30:00Z",,,,,,,,1,,,
"2016-03-05T05:30:00Z","2016-03-05T06:00:00Z",,,,,,,,1,,,
"2016-03-05T06:00:00Z","2016-03-05T06:30:00Z",,,,,,,,1,,,
"2016-03-05T06:30:00Z","2016-03-05T07:00:00Z",,,,,,,,1,,,
"2016-03-05T07:00:00Z","2016-03-05T07:30:00Z",,,,,,,,1,,,
"2016-03-05T07:30:00Z","2016-03-05T08:00:00Z",,,,,,,,1,,,
"2016-03-05T08:00:00Z","2016-03-05T08:30:00Z",,,,,,,,1,,,
"2016-03-05T08:30:00Z","2016-03-05T09:00:00Z",,,,,,,,1,,,
"2016-03-05T09:00:00Z","2016-03-05T09:30:00Z",,,,,,,,1,,,
"2016-03-05T09:30:00Z","2016-03-05T10:00:00Z",,,,,,,,1,,,
"2016-03-05T10:00:00Z","2016-03-05T10:30:00Z",,,,,,,,1,,,
"2016-03-05T10:30:00Z","2016-03-05T11:00:00Z",,,,,,,,1,,,
"2016-03-05T11:00:00Z","2016-03-05T11:30:00Z",,,,,,,,1,,,
"2016-03-05T11:30:00Z","2016-03-05T12:00:00Z",,,,,,,,1,,,
"2016-03-05T12:00:00Z","2016-03-05T12:30:00Z",,,,,,,,1,,,
"2016-03-05T12:30:00Z","2016-03-05T13:00:00Z",,,,,,,,1,,,
"2016-03-05T13:00:00Z","2016-03-05T13:30:00Z",,,,,,,,1,,,
"2016-03-05T13:30:00Z","2016-03-05T14:00:00Z",,,,,,,,1,,,
"2016-03-05T14:00:00Z","2016-03-05T14:30:00Z",,,,,,,,1,,,
"2016-03-05T14:30:00Z","2016-03-05T15:00:00Z",,,,,,,,1,,,
"2016-03-05T15:00:00Z","2016-03-05T15:30:00Z",,,,,,,,1,,,
"2016-03-05T15:30:00Z","2016-03-05T16:00:00Z",,,,,,,,1,,,
"2016-03-05T16:00:00Z","2016-03-05T16:30:00Z",,,,,,,,1,,,
"2016-03-05T16:30:00Z","2016-03-05T17:00:00Z",,,,,,,,1,,,
"2016-03-05T17:00:00Z","2016-03-05T17:30:00Z",,,,,,,,1,,,
"2016-03-05T17:30:00Z","2016-03-05T18:00:00Z",,,,,,,,1,,,
"2016-03-05T18:00:00Z","2016-03-05T18:30:00Z",,,,,,,,1,,,
"2016-03-05T18:30:00Z","2016-03-05T19:00:00Z",,,,,,,,1,,,
"2016-03-05T19:00:00Z","2016-03-05T19:30:00Z",,,,,,,,1,,,
"2016-03-05T19:30:00Z","2016-03-05T20:00:00Z",,,,,,,,1,,,
"2016-03-05T20:00:00Z","2016-03-05T20:30:00Z",,,,,,,,1,,,
"2016-03-05T20:30:00Z","2016-03-05T21:00:00Z",,,,,,,,1,,,
"2016-03-05T21:00:00Z","2016-03-05T21:30:00Z",,,,,,,,1,,,
"2016-03-05T21:30:00Z","2016-03-05T22:00:00Z",,,,,,,,1,,,
"2016-03-05T22:00:00Z","2016-03-05T22:30:00Z",,,,,,,,1,,,
"2016-03-05T22:30:00Z","2016-03-05T23:00:00Z",,,,,,,,1,,,
"2016-03-05T23:00:00Z","2016-03-05T23:30:00Z",,,,,,,,1,,,
"2016-03-05T23:30:00Z","2016-03-06T00:00:00Z",,,,,,,,1,,,
"2016-03-06T00:00:00Z","2016-03-06T00:30:00Z",,,,,,,,1,,,
"2016-03-06T00:30:00Z","2016-03-06T01:00:00Z",,,,,,,,1,,,
"2016-03-06T01:00:00Z","2016-03-06T01:30:00Z",,,,,,,,1,,,
"2016-03-06T01:30:00Z","2016-03-06T02:00:00Z",,,,,,,,1,,,
"2016-03-06T02:00:00Z","2016-03-06T02:30:00Z",,,,,,,,1,,,
"2016-03-06T02:30:00Z","2016-03-06T03:00:00Z",,,,,,,,1,,,
"2016-03-06T03:00:00Z","2016-03-06T03:30:00Z",,,,,,,,1,,,
"2016-03-06T03:30:00Z","2016-03-06T04:00:00Z",,,,,,,,1,,,
"2016-03-06T04:00:00Z","2016-03-06T04:30:00Z",,,,,,,,1,,,
"2016-03-06T04:30:00Z","2016-03-06T05:00:00Z",,,,,,,,1,,,
"2016-03-06T05:00:00Z","2016-03-06T05:30:00Z",,,,,,,,1,,,
"2016-03-06T05:30:00Z","2016-03-06T06:00:00Z",,,,,,,,1,,,
"2016-03-06T06:00:00Z","2016-03-06T06:30:00Z",,,,,,,,1,,,
"2016-03-06T06:30:00Z","2016-03-06T07:00:00Z",,,,,,,,1,,,
"2016-03-06T07:00:00Z","2016-03-06T07:30:00Z",,,,,,,,1,,,
"2016-03-06T07:30:00Z","2016-03-06T08:00:00Z",,,,,,,,1,,,
"2016-03-06T08:00:00Z","2016-03-06T08:30:00Z",,,,,,,,1,,,
"2016-03-06T08:30:00Z","2016-03-06T09:00:00Z",,,,,,,,1,,,
"2016-03-06T09:00:00Z","2016-03-06T09:30:00Z",,,,,,,,1,,,
"2016-03-06T09:30:00Z","2016-03-06T10:00:00Z",,,,,,,,1,,,
"2016-03-06T10:00:00Z","2016-03-06T10:30:00Z",,,,,,,,1,,,
"2016-03-06T10:30:00Z","2016-03-06T11:00:00Z",,,,,,,,1,,,
"2016-03-06T11:00:00Z","2016-03-06T11:30:00Z",,,,,,,,,,,
"2016-03-06T11:30:00Z","2016-03-06T12:00:00Z",,,,,,,,1,,,
"2016-03-06T12:00:00Z","2016-03-06T12:30:00Z",,,,,,,,1,,,
"2016-03-06T12:30:00Z","2016-03-06T13:00:00Z",,,,,,,,1,,,
"2016-03-06T13:00:00Z","2016-03-06T13:30:00Z",,,,,,,,1,,,
"2016-03-06T13:30:00Z","2016-03-06T14:00:00Z",,,,,,,,1,,,
"2016-03-06T14:00:00Z","2016-03-06T14:30:00Z",,,,,,,,1,,,
"2016-03-06T14:30:00Z","2016-03-06T15:00:00Z",,,,,,,,1,,,
"2016-03-06T15:00:00Z","2016-03-06T15:30:00Z",,,,,,,,1,,,
"2016-03-06T15:30:00Z","2016-03-06T16:00:00Z",,,,,,,,1,,,
"2016-03-06T16:00:00Z","2016-03-06T16:30:00Z",,,,,,,,1,,,
"2016-03-06T16:30:00Z","2016-03-06T17:00:00Z",,,,,,,,1,,,
"2016-03-06T17:00:00Z","2016-03-06T17:30:00Z",,,,,,,,1,,,
"2016-03-06T17:30:00Z","2016-03-06T18:00:00Z",,,,,,,,1,,,
"2016-03-06T18:00:00Z","2016-03-06T18:30:00Z",,,,,,,,1,,,
"2016-03-06T18:30:00Z","2016-03-06T19:00:00Z",,,,,,,,1,,,
"2016-03-06T19:00:00Z","2016-03-06T19:30:00Z",,,,,,,,1,,,
"2016-03-06T19:30:00Z","2016-03-06T20:00:00Z",,,,,,,,1,,,
"2016-03-06T20:00:00Z","2016-03-06T20:30:00Z",,,,,,,,1,,,
"2016-03-06T20:30:00Z","2016-03-06T21:00:00Z",,,,,,,,1,,,
"2016-03-06T21:00:00Z","2016-03-06T21:30:00Z",,,,,,,,1,,,
"2016-03-06T21:30:00Z","2016-03-06T22:00:00Z",,,,,,,,1,,,
"2016-03-06T22:00:00Z","2016-03-06T22:30:00Z",,,,,,,,1,,,
"2016-03-06T22:30:00Z","2016-03-06T23:00:00Z",,,,,,,,1,,,
"2016-03-06T23:00:00Z","2016-03-06T23:30:00Z",,,,,,,,,,,
"2016-03-06T23:30:00Z","2016-03-07T00:00:00Z",,,,,,,,1,,,
"2016-03-07T00:00:00Z","2016-03-07T00:30:00Z",,,,,,,,1,,,
"2016-03-07T00:30:00Z","2016-03-07T01:00:00Z",,,,,,,,1,,,
"2016-03-07T01:00:00Z","2016-03-07T01:30:00Z",,,,,,,,1,,,
"2016-03-07T01:30:00Z","2016-03-07T02:00:00Z",,,,,,,,1,,,
"2016-03-07T02:00:00Z","2016-03-07T02:30:00Z",,,,,,,,1,,,
"2016-03-07T02:30:00Z","2016-03-07T03:00:00Z",,,,,,,,1,,,
"2016-03-07T03:00:00Z","2016-03-07T03:30:00Z",,,,,,,,1,,,
"2016-03-07T03:30:00Z","2016-03-07T04:00:00Z",,,,,,,,1,,,
"2016-03-07T04:00:00Z","2016-03-07T04:30:00Z",,,,,,,,1,,,
"2016-03-07T04:30:00Z","2016-03-07T05:00:00Z",,,,,,,,1,,,
"2016-03-07T05:00:00Z","2016-03-07T05:30:00Z",,,,,,,,1,,,
"2016-03-07T05:30:00Z","2016-03-07T06:00:00Z",,,,,,,,1,,,
"2016-03-07T06:00:00Z","2016-03-07T06:30:00Z",,,,,,,,1,,,
"2016-03-07T06:30:00Z","2016-03-07T07:00:00Z",,,,,,,,1,,,
"2016-03-07T07:00:00Z","2016-03-07T07:30:00Z",,,,,,,,1,,,
"2016-03-07T07:30:00Z","2016-03-07T08:00:00Z",,,,,,,,1,,,
"2016-03-07T08:00:00Z","2016-03-07T08:30:00Z",,,,,,,,1,,,
"2016-03-07T08:30:00Z","2016-03-07T09:00:00Z",,,,,,,,1,,,
"2016-03-07T09:00:00Z","2016-03-07T09:30:00Z",,,,,,,,1,,,
"2016-03-07T09:30:00Z","2016-03-07T10:00:00Z",,,,,,,,1,,,
"2016-03-07T10:00:00Z","2016-03-07T10:30:00Z",,,,,,,,1,,,
"2016-03-07T10:30:00Z","2016-03-07T11:00:00Z",,,,,,,,1,,,
"2016-03-07T11:00:00Z","2016-03-07T11:30:00Z",,,,,,,,1,,,
"2016-03-07T11:30:00Z","2016-03-07T12:00:00Z",,,,,,,,1,,,
"2016-03-07T12:00:00Z","2016-03-07T12:30:00Z",,,,,,,,1,,,
"2016-03-07T12:30:00Z","2016-03-07T13:00:00Z",,,,,,,,1,,,
"2016-03-07T13:00:00Z","2016-03-07T13:30:00Z",,,,,,,,1,,,
"2016-03-07T13:30:00Z","2016-03-07T14:00:00Z",,,,,,,,1,,,
"2016-03-07T14:00:00Z","2016-03-07T14:30:00Z",,,,,,,,1,,,
"2016-03-07T14:30:00Z","2016-03-07T15:00:00Z",,,,,,,,1,,,
"2016-03-07T15:00:00Z","2016-03-07T15:30:00Z",,,,,,,,1,,,
"2016-03-07T15:30:00Z","2016-03-07T16:00:00Z",,,,,,,,1,,,
"2016-03-07T16:00:00Z","2016-03-07T16:30:00Z",,,,,,,,1,,,
"2016-03-07T16:30:00Z","2016-03-07T17:00:00Z",,,,,,,,1,,,
"2016-03-07T17:00:00Z","2016-03-07T17:30:00Z",,,,,,,,1,,,
"2016-03-07T17:30:00Z","2016-03-07T18:00:00Z",,,,,,,,1,,,
"2016-03-07T18:00:00Z","2016-03-07T18:30:00Z",,,,,,,,1,,,
"2016-03-07T18:30:00Z","2016-03-07T19:00:00Z",,,,,,,,1,,,
"2016-03-07T19:00:00Z","2016-03-07T19:30:00Z",,,,,,,,1,,,
"2016-03-07T19:30:00Z","2016-03-07T20:00:00Z",,,,,,,,1,,,
"2016-03-07T20:00:00Z","2016-03-07T20:30:00Z",,,,,,,,1,,,
"2016-03-07T20:30:00Z","2016-03-07T21:00:00Z",,,,,,,,1,,,
"2016-03-07T21:00:00Z","2016-03-07T21:30:00Z",,,,,,,,1,,,
"2016-03-07T21:30:00Z","2016-03-07T22:00:00Z",,,,,,,,1,,,
"2016-03-07T22:00:00Z","2016-03-07T22:30:00Z",,,,,,,,1,,,
"2016-03-07T22:30:00Z","2016-03-07T23:00:00Z",,,,,,,,1,,,
"2016-03-07T23:00:00Z","2016-03-07T23:30:00Z",,,,,,,,1,,,
"2016-03-07T23:30:00Z","2016-03-08T00:00:00Z",,,,,,,,1,,,
"2016-03-08T00:00:00Z","2016-03-08T00:30:00Z",,,,,,,,1,,,
"2016-03-08T00:30:00Z","2016-03-08T01:00:00Z",,,,,,,,1,,,
"2016-03-08T01:00:00Z","2016-03-08T01:30:00Z",,,,,,,,1,,,
"2016-03-08T01:30:00Z","2016-03-08T02:00:00Z",,,,,,,,1,,,
"2016-03-08T02:00:00Z","2016-03-08T02:30:00Z",,,,,,,,1,,,
"2016-03-08T02:30:00Z","2016-03-08T03:00:00Z",,,,,,,,1,,,
"2016-03-08T03:00:00Z","2016-03-08T03:30:00Z",,,,,,,,1,,,
"2016-03-08T03:30:00Z","2016-03-08T04:00:00Z",,,,,,,,1,,,
"2016-03-08T04:00:00Z","2016-03-08T04:30:00Z",,,,,,,,1,,,
"2016-03-08T04:30:00Z","2016-03-08T05:00:00Z",,,,,,,,1,,,
"2016-03-08T05:00:00Z","2016-03-08T05:30:00Z",,,,,,,,1,,,
"2016-03-08T05:30:00Z","2016-03-08T06:00:00Z",,,,,,,,1,,,
"2016-03-08T06:00:00Z","2016-03-08T06:30:00Z",,,,,,,,1,,,
"2016-03-08T06:30:00Z","2016-03-08T07:00:00Z",,,,,,,,1,,,
"2016-03-08T07:00:00Z","2016-03-08T07:30:00Z",,,,,,,,1,,,
"2016-03-08T07:30:00Z","2016-03-08T08:00:00Z",,,,,,,,1,,,
"2016-03-08T08:00:00Z","2016-03-08T08:30:00Z",,,,,,,,1,,,
"2016-03-08T08:30:00Z","2016-03-08T09:00:00Z",,,,,,,,1,,,
"2016-03-08T09:00:00Z","2016-03-08T09:30:00Z",,,,,,,,1,,,
"2016-03-08T09:30:00Z","2016-03-08T10:00:00Z",,,,,,,,1,,,
"2016-03-08T10:00:00Z","2016-03-08T10:30:00Z",,,,,,,,1,,,
"2016-03-08T10:30:00Z","2016-03-08T11:00:00Z",,,,,,,,1,,,
"2016-03-08T11:00:00Z","2016-03-08T11:30:00Z",,,,,,,,1,,,
"2016-03-08T11:30:00Z","2016-03-08T12:00:00Z",,,,,,,,1,,,
"2016-03-08T12:00:00Z","2016-03-08T12:30:00Z",,,,,,,,1,,,
"2016-03-08T12:30:00Z","2016-03-08T13:00:00Z",,,,,,,,1,,,
"2016-03-08T13:00:00Z","2016-03-08T13:30:00Z",,,,,,,,1,,,
"2016-03-08T13:30:00Z","2016-03-08T14:00:00Z",,,,,,,,1,,,
"2016-03-08T14:00:00Z","2016-03-08T14:30:00Z",,,,,,,,1,,,
"2016-03-08T14:30:00Z","2016-03-08T15:00:00Z",,,,,,,,1,,,
"2016-03-08T15:00:00Z","2016-03-08T15:30:00Z",,,,,,,,1,,,
"2016-03-08T15:30:00Z","2016-03-08T16:00:00Z",,,,,,,,1,,,
"2016-03-08T16:00:00Z","2016-03-08T16:30:00Z",,,,,,,,1,,,
"2016-03-08T16:30:00Z","2016-03-08T17:00:00Z",,,,,,,,1,,,
"2016-03-08T17:00:00Z","2016-03-08T17:30:00Z",,,,,,,,1,,,
"2016-03-08T17:30:00Z","2016-03-08T18:00:00Z",,,,,,,,1,,,
"2016-03-08T18:00:00Z","2016-03-08T18:30:00Z",,,,,,,,1,,,
"2016-03-08T18:30:00Z","2016-03-08T19:00:00Z",,,,,,,,1,,,
"2016-03-08T19:00:00Z","2016-03-08T19:30:00Z",,,,,,,,1,,,
"2016-03-08T19:30:00Z","2016-03-08T20:00:00Z",,,,,,,,1,,,
"2016-03-08T20:00:00Z","2016-03-08T20:30:00Z",,,,,,,,1,,,
"2016-03-08T20:30:00Z","2016-03-08T21:00:00Z",,,,,,,,1,,,
"2016-03-08T21:00:00Z","2016-03-08T21:30:00Z",,,,,,,,1,,,
"2016-03-08T21:30:00Z","2016-03-08T22:00:00Z",,,,,,,,,,,
"2016-03-08T22:00:00Z","2016-03-08T22:30:00Z",,,,,,,,1,,,
"2016-03-08T22:30:00Z","2016-03-08T23:00:00Z",,,,,,,,1,,,
"2016-03-08T23:00:00Z","2016-03-08T23:30:00Z",,,,,,,,1,,,
"2016-03-08T23:30:00Z","2016-03-09T00:00:00Z",,,,,,,,1,,,
"2016-03-09T00:00:00Z","2016-03-09T00:30:00Z",,,,,,,,1,,,
"2016-03-09T00:30:00Z","2016-03-09T01:00:00Z",,,,,,,,1,,,
"2016-03-09T01:00:00Z","2016-03-09T01:30:00Z",,,,,,,,1,,,
"2016-03-09T01:30:00Z","2016-03-09T02:00:00Z",,,,,,,,1,,,
"2016-03-09T02:00:00Z","2016-03-09T02:30:00Z",,,,,,,,1,,,
"2016-03-09T02:30:00Z","2016-03-09T03:00:00Z",,,,,,,,1,,,
"2016-03-09T03:00:00Z","2016-03-09T03:30:00Z",,,,,,,,1,,,
"2016-03-09T03:30:00Z","2016-03-09T04:00:00Z",,,,,,,,1,,,
"2016-03-09T04:00:00Z","2016-03-09T04:30:00Z",,,,,,,,1,,,
"2016-03-09T04:30:00Z","2016-03-09T05:00:00Z",,,,,,,,1,,,
"2016-03-09T05:00:00Z","2016-03-09T05:30:00Z",,,,,,,,1,,,
"2016-03-09T05:30:00Z","2016-03-09T06:00:00Z",,,,,,,,1,,,
"2016-03-09T06:00:00Z","2016-03-09T06:30:00Z",,,,,,,,1,,,
"2016-03-09T06:30:00Z","2016-03-09T07:00:00Z",,,,,,,,1,,,
"2016-03-09T07:00:00Z","2016-03-09T07:30:00Z",,,,,,,,1,,,
"2016-03-09T07:30:00Z","2016-03-09T08:00:00Z",,,,,,,,1,,,
"2016-03-09T08:00:00Z","2016-03-09T08:30:00Z",,,,,,,,1,,,
"2016-03-09T08:30:00Z","2016-03-09T09:00:00Z",,,,,,,,1,,,
"2016-03-09T09:00:00Z","2016-03-09T09:30:00Z",,,,,,,,1,,,
"2016-03-09T09:30:00Z","2016-03-09T10:00:00Z",,,,,,,,1,,,
"2016-03-09T10:00:00Z","2016-03-09T10:30:00Z",,,,,,,,1,,,
"2016-03-09T10:30:00Z","2016-03-09T11:00:00Z",,,,,,,,1,,,
"2016-03-09T11:00:00Z","2016-03-09T11:30:00Z",,,,,,,,1,,,
"2016-03-09T11:30:00Z","2016-03-09T12:00:00Z",,,,,,,,1,,,
"2016-03-09T12:00:00Z","2016-03-09T12:30:00Z",,,,,,,,1,,,
"2016-03-09T12:30:00Z","2016-03-09T13:00:00Z",,,,,,,,1,,,
"2016-03-09T13:00:00Z","2016-03-09T13:30:00Z",,,,,,,,1,,,
"2016-03-09T13:30:00Z","2016-03-09T14:00:00Z",,,,,,,,1,,,
"2016-03-09T14:00:00Z","2016-03-09T14:30:00Z",,,,,,,,1,,,
"2016-03-09T14:30:00Z","2016-03-09T15:00:00Z",,,,,,,,1,,,
"2016-03-09T15:00:00Z","2016-03-09T15:30:00Z",,,,,,,,1,,,
"2016-03-09T15:30:00Z","2016-03-09T16:00:00Z",,,,,,,,1,,,
"2016-03-09T16:00:00Z","2016-03-09T16:30:00Z",,,,,,,,1,,,
"2016-03-09T16:30:00Z","2016-03-09T17:00:00Z",,,,,,,,1,,,
"2016-03-09T17:00:00Z","2016-03-09T17:30:00Z",,,,,,,,1,,,
"2016-03-09T17:30:00Z","2016-03-09T18:00:00Z",,,,,,,,1,,,
"2016-03-09T18:00:00Z","2016-03-09T18:30:00Z",,,,,,,,1,,,
"2016-03-09T18:30:00Z","2016-03-09T19:00:00Z",,,,,,,,1,,,
"2016-03-09T19:00:00Z","2016-03-09T19:30:00Z",,,,,,,,1,,,
"2016-03-09T19:30:00Z","2016-03-09T20:00:00Z",,,,,,,,1,,,
"2016-03-09T20:00:00Z","2016-03-09T20:30:00Z",,,,,,,,1,,,
"2016-03-09T20:30:00Z","2016-03-09T21:00:00Z",,,,,,,,1,,,
"2016-03-09T21:00:00Z","2016-03-09T21:30:00Z",,,,,,,,1,,,
"2016-03-09T21:30:00Z","2016-03-09T22:00:00Z",,,,,,,,1,,,
"2016-03-09T22:00:00Z","2016-03-09T22:30:00Z",,,,,,,,1,,,
"2016-03-09T22:30:00Z","2016-03-09T23:00:00Z",,,,,,,,1,,,
"2016-03-09T23:00:00Z","2016-03-09T23:30:00Z",,,,,,,,1,,,
"2016-03-09T23:30:00Z","2016-03-10T00:00:00Z",,,,,,,,1,,,
"2016-03-10T00:00:00Z","2016-03-10T00:30:00Z",,,,,,,,1,,,
"2016-03-10T00:30:00Z","2016-03-10T01:00:00Z",,,,,,,,1,,,
"2016-03-10T01:00:00Z","2016-03-10T01:30:00Z",,,,,,,,1,,,
"2016-03-10T01:30:00Z","2016-03-10T02:00:00Z",,,,,,,,1,,,
"2016-03-10T02:00:00Z","2016-03-10T02:30:00Z",,,,,,,,1,,,
"2016-03-10T02:30:00Z","2016-03-10T03:00:00Z",,,,,,,,1,,,
"2016-03-10T03:00:00Z","2016-03-10T03:30:00Z",,,,,,,,1,,,
"2016-03-10T03:30:00Z","2016-03-10T04:00:00Z",,,,,,,,1,,,
"2016-03-10T04:00:00Z","2016-03-10T04:30:00Z",,,,,,,,1,,,
"2016-03-10T04:30:00Z","2016-03-10T05:00:00Z",,,,,,,,1,,,
"2016-03-10T05:00:00Z","2016-03-10T05:30:00Z",,,,,,,,1,,,
"2016-03-10T05:30:00Z","2016-03-10T06:00:00Z",,,,,,,,,,,
"2016-03-10T06:00:00Z","2016-03-10T06:30:00Z",,,,,,,,1,,,
"2016-03-10T06:30:00Z","2016-03-10T07:00:00Z",,,,,,,,1,,,
"2016-03-10T07:00:00Z","2016-03-10T07:30:00Z",,,,,,,,1,,,
"2016-03-10T07:30:00Z","2016-03-10T08:00:00Z",,,,,,,,1,,,
"2016-03-10T08:00:00Z","2016-03-10T08:30:00Z",,,,,,,,1,,,
"2016-03-10T08:30:00Z","2016-03-10T09:00:00Z",,,,,,,,1,,,
"2016-03-10T09:00:00Z","2016-03-10T09:30:00Z",,,,,,,,1,,,
"2016-03-10T09:30:00Z","2016-03-10T10:00:00Z",,,,,,,,1,,,
"2016-03-10T10:00:00Z","2016-03-10T10:30:00Z",,,,,,,,1,,,
"2016-03-10T10:30:00Z","2016-03-10T11:00:00Z",,,,,,,,1,,,
"2016-03-10T11:00:00Z","2016-03-10T11:30:00Z",,,,,,,,1,,,
"2016-03-10T11:30:00Z","2016-03-10T12:00:00Z",,,,,,,,1,,,
"2016-03-10T12:00:00Z","2016-03-10T12:30:00Z",,,,,,,,1,,,
"2016-03-10T12:30:00Z","2016-03-10T13:00:00Z",,,,,,,,1,,,
"2016-03-10T13:00:00Z","2016-03-10T13:30:00Z",,,,,,,,1,,,
"2016-03-10T13:30:00Z","2016-03-10T14:00:00Z",,,,,,,,1,,,
"2016-03-10T14:00:00Z","2016-03-10T14:30:00Z",,,,,,,,,,,
"2016-03-10T14:30:00Z","2016-03-10T15:00:00Z",,,,,,,,1,,,
"2016-03-10T15:00:00Z","2016-03-10T15:30:00Z",,,,,,,,1,,,
"2016-03-10T15:30:00Z","2016-03-10T16:00:00Z",,,,,,,,1,,,
"2016-03-10T16:00:00Z","2016-03-10T16:30:00Z",,,,,,,,1,,,
"2016-03-10T16:30:00Z","2016-03-10T17:00:00Z",,,,,,,,1,,,
"2016-03-10T17:00:00Z","2016-03-10T17:30:00Z",,,,,,,,1,,,
"2016-03-10T17:30:00Z","2016-03-10T18:00:00Z",,,,,,,,1,,,
"2016-03-10T18:00:00Z","2016-03-10T18:30:00Z",,,,,,,,1,,,
"2016-03-10T18:30:00Z","2016-03-10T19:00:00Z",,,,,,,,1,,,
"2016-03-10T19:00:00Z","2016-03-10T19:30:00Z",,,,,,,,1,,,
"2016-03-10T19:30:00Z","2016-03-10T20:00:00Z",,,,,,,,1,,,
"2016-03-10T20:00:00Z","2016-03-10T20:30:00Z",,,,,,,,1,,,
"2016-03-10T20:30:00Z","2016-03-10T21:00:00Z",,,,,,,,1,,,
"2016-03-10T21:00:00Z","2016-03-10T21:30:00Z",,,,,,,,1,,,
"2016-03-10T21:30:00Z","2016-03-10T22:00:00Z",,,,,,,,1,,,
"2016-03-10T22:00:00Z","2016-03-10T22:30:00Z",,,,,,,,1,,,
"2016-03-10T22:30:00Z","2016-03-10T23:00:00Z",,,,,,,,1,,,
"2016-03-10T23:00:00Z","2016-03-10T23:30:00Z",,,,,,,,1,,,
"2016-03-10T23:30:00Z","2016-03-11T00:00:00Z",,,,,,,,1,,,
"2016-03-11T00:00:00Z","2016-03-11T00:30:00Z",,,,,,,,1,,,
"2016-03-11T00:30:00Z","2016-03-11T01:00:00Z",,,,,,,,1,,,
"2016-03-11T01:00:00Z","2016-03-11T01:30:00Z",,,,,,,,1,,,
"2016-03-11T01:30:00Z","2016-03-11T02:00:00Z",,,,,,,,1,,,
"2016-03-11T02:00:00Z","2016-03-11T02:30:00Z",,,,,,,,1,,,
"2016-03-11T02:30:00Z","2016-03-11T03:00:00Z",,,,,,,,1,,,
"2016-03-11T03:00:00Z","2016-03-11T03:30:00Z",,,,,,,,1,,,
"2016-03-11T03:30:00Z","2016-03-11T04:00:00Z",,,,,,,,1,,,
"2016-03-11T04:00:00Z","2016-03-11T04:30:00Z",,,,,,,,1,,,
"2016-03-11T04:30:00Z","2016-03-11T05:00:00Z",,,,,,,,1,,,
"2016-03-11T05:00:00Z","2016-03-11T05:30:00Z",,,,,,,,1,,,
"2016-03-11T05:30:00Z","2016-03-11T06:00:00Z",,,,,,,,1,,,
"2016-03-11T06:00:00Z","2016-03-11T06:30:00Z",,,,,,,,1,,,
"2016-03-11T06:30:00Z","2016-03-11T07:00:00Z",,,,,,,,1,,,
"2016-03-11T07:00:00Z","2016-03-11T07:30:00Z",,,,,,,,1,,,
"2016-03-11T07:30:00Z","2016-03-11T08:00:00Z",,,,,,,,1,,,
"2016-03-11T08:00:00Z","2016-03-11T08:30:00Z",,,,,,,,1,,,
"2016-03-11T08:30:00Z","2016-03-11T09:00:00Z",,,,,,,,1,,,
"2016-03-11T09:00:00Z","2016-03-11T09:30:00Z",,,,,,,,1,,,
"2016-03-11T09:30:00Z","2016-03-11T10:00:00Z",,,,,,,,1,,,
"2016-03-11T10:00:00Z","2016-03-11T10:30:00Z",,,,,,,,1,,,
"2016-03-11T10:30:00Z","2016-03-11T11:00:00Z",,,,,,,,1,,,
"2016-03-11T11:00:00Z","2016-03-11T11:30:00Z",,,,,,,,,,,
"2016-03-11T11:30:00Z","2016-03-11T12:00:00Z",,,,,,,,1,,,
"2016-03-11T12:00:00Z","2016-03-11T12:30:00Z",,,,,,,,1,,,
"2016-03-11T12:30:00Z","2016-03-11T13:00:00Z",,,,,,,,1,,,
"2016-03-11T13:00:00Z","2016-03-11T13:30:00Z",,,,,,,,1,,,
"2016-03-11T13:30:00Z","2016-03-11T14:00:00Z",,,,,,,,1,,,
"2016-03-11T14:00:00Z","2016-03-11T14:30:00Z",,,,,,,,1,,,
"2016-03-11T14:30:00Z","2016-03-11T15:00:00Z",,,,,,,,1,,,
"2016-03-11T15:00:00Z","2016-03-11T15:30:00Z",,,,,,,,1,,,
"2016-03-11T15:30:00Z","2016-03-11T16:00:00Z",,,,,,,,,,,
"2016-03-11T16:00:00Z","2016-03-11T16:30:00Z",,,,,,,,1,,,
"2016-03-11T16:30:00Z","2016-03-11T17:00:00Z",,,,,,,,1,,,
"2016-03-11T17:00:00Z","2016-03-11T17:30:00Z",,,,,,,,1,,,
"2016-03-11T17:30:00Z","2016-03-11T18:00:00Z",,,,,,,,1,,,
"2016-03-11T18:00:00Z","2016-03-11T18:30:00Z",,,,,,,,1,,,
"2016-03-11T18:30:00Z","2016-03-11T19:00:00Z",,,,,,,,1,,,
"2016-03-11T19:00:00Z","2016-03-11T19:30:00Z",,,,,,,,1,,,
"2016-03-11T19:30:00Z","2016-03-11T20:00:00Z",,,,,,,,1,,,
"2016-03-11T20:00:00Z","2016-03-11T20:30:00Z",,,,,,,,1,,,
"2016-03-11T20:30:00Z","2016-03-11T21:00:00Z",,,,,,,,1,,,
"2016-03-11T21:00:00Z","2016-03-11T21:30:00Z",,,,,,,,1,,,
"2016-03-11T21:30:00Z","2016-03-11T22:00:00Z",,,,,,,,1,,,
"2016-03-11T22:00:00Z","2016-03-11T22:30:00Z",,,,,,,,1,,,
"2016-03-11T22:30:00Z","2016-03-11T23:00:00Z",,,,,,,,1,,,
"2016-03-11T23:00:00Z","2016-03-11T23:30:00Z",,,,,,,,1,,,
"2016-03-11T23:30:00Z","2016-03-12T00:00:00Z",,,,,,,,1,,,
"2016-03-12T00:00:00Z","2016-03-12T00:30:00Z",,,,,,,,1,,,
"2016-03-12T00:30:00Z","2016-03-12T01:00:00Z",,,,,,,,1,,,
"2016-03-12T01:00:00Z","2016-03-12T01:30:00Z",,,,,,,,1,,,
"2016-03-12T01:30:00Z","2016-03-12T02:00:00Z",,,,,,,,1,,,
"2016-03-12T02:00:00Z","2016-03-12T02:30:00Z",,,,,,,,1,,,
"2016-03-12T02:30:00Z","2016-03-12T03:00:00Z",,,,,,,,1,,,
"2016-03-12T03:00:00Z","2016-03-12T03:30:00Z",,,,,,,,1,,,
"2016-03-12T03:30:00Z","2016-03-12T04:00:00Z",,,,,,,,1,,,
"2016-03-12T04:00:00Z","2016-03-12T04:30:00Z",,,,,,,,1,,,
"2016-03-12T04:30:00Z","2016-03-12T05:00:00Z",,,,,,,,1,,,
"2016-03-12T05:00:00Z","2016-03-12T05:30:00Z",,,,,,,,1,,,
"2016-03-12T05:30:00Z","2016-03-12T06:00:00Z",,,,,,,,1,,,
"2016-03-12T06:00:00Z","2016-03-12T06:30:00Z",,,,,,,,1,,,
"2016-03-12T06:30:00Z","2016-03-12T07:00:00Z",,,,,,,,1,,,
"2016-03-12T07:00:00Z","2016-03-12T07:30:00Z",,,,,,,,1,,,
"2016-03-12T07:30:00Z","2016-03-12T08:00:00Z",,,,,,,,1,,,
"2016-03-12T08:00:00Z","2016-03-12T08:30:00Z",,,,,,,,1,,,
"2016-03-12T08:30:00Z","2016-03-12T09:00:00Z",,,,,,,,1,,,
"2016-03-12T09:00:00Z","2016-03-12T09:30:00Z",,,,,,,,1,,,
"2016-03-12T09:30:00Z","2016-03-12T10:00:00Z",,,,,,,,1,,,
"2016-03-12T10:00:00Z","2016-03-12T10:30:00Z",,,,,,,,1,,,
"2016-03-12T10:30:00Z","2016-03-12T11:00:00Z",,,,,,,,1,,,
"2016-03-12T11:00:00Z","2016-03-12T11:30:00Z",,,,,,,,1,,,
"2016-03-12T11:30:00Z","2016-03-12T12:00:00Z",,,,,,,,1,,,
"2016-03-12T12:00:00Z","2016-03-12T12:30:00Z",,,,,,,,1,,,
"2016-03-12T12:30:00Z","2016-03-12T13:00:00Z",,,,,,,,1,,,
"2016-03-12T13:00:00Z","2016-03-12T13:30:00Z",,,,,,,,1,,,
"2016-03-12T13:30:00Z","2016-03-12T14:00:00Z",,,,,,,,1,,,
"2016-03-12T14:00:00Z","2016-03-12T14:30:00Z",,,,,,,,1,,,
"2016-03-12T14:30:00Z","2016-03-12T15:00:00Z",,,,,,,,1,,,
"2016-03-12T15:00:00Z","2016-03-12T15:30:00Z",,,,,,,,1,,,
"2016-03-12T15:30:00Z","2016-03-12T16:00:00Z",,,,,,,,1,,,
"2016-03-12T16:00:00Z","2016-03-12T16:30:00Z",,,,,,,,1,,,
"2016-03-12T16:30:00Z","2016-03-12T17:00:00Z",,,,,,,,1,,,
"2016-03-12T17:00:00Z","2016-03-12T17:30:00Z",,,,,,,,1,,,
"2016-03-12T17:30:00Z","2016-03-12T18:00:00Z",,,,,,,,1,,,
"2016-03-12T18:00:00Z","2016-03-12T18:30:00Z",,,,,,,,1,,,
"2016-03-12T18:30:00Z","2016-03-12T19:00:00Z",,,,,,,,1,,,
"2016-03-12T19:00:00Z","2016-03-12T19:30:00Z",,,,,,,,1,,,
"2016-03-12T19:30:00Z","2016-03-12T20:00:00Z",,,,,,,,1,,,
"2016-03-12T20:00:00Z","2016-03-12T20:30:00Z",,,,,,,,1,,,
"2016-03-12T20:30:00Z","2016-03-12T21:00:00Z",,,,,,,,1,,,
"2016-03-12T21:00:00Z","2016-03-12T21:30:00Z",,,,,,,,1,,,
"2016-03-12T21:30:00Z","2016-03-12T22:00:00Z",,,,,,,,1,,,
"2016-03-12T22:00:00Z","2016-03-12T22:30:00Z",,,,,,,,1,,,
"2016-03-12T22:30:00Z","2016-03-12T23:00:00Z",,,,,,,,1,,,
"2016-03-12T23:00:00Z","2016-03-12T23:30:00Z",,,,,,,,1,,,
"2016-03-12T23:30:00Z","2016-03-13T00:00:00Z",,,,,,,,1,,,
"2016-03-13T00:00:00Z","2016-03-13T00:30:00Z",,,,,,,,1,,,
"2016-03-13T00:30:00Z","2016-03-13T01:00:00Z",,,,,,,,1,,,
"2016-03-13T01:00:00Z","2016-03-13T01:30:00Z",,,,,,,,1,,,
"2016-03-13T01:30:00Z","2016-03-13T02:00:00Z",,,,,,,,1,,,
"2016-03-13T02:00:00Z","2016-03-13T02:30:00Z",,,,,,,,1,,,
"2016-03-13T02:30:00Z","2016-03-13T03:00:00Z",,,,,,,,1,,,
"2016-03-13T03:00:00Z","2016-03-13T03:30:00Z",,,,,,,,1,,,
"2016-03-13T03:30:00Z","2016-03-13T04:00:00Z",,,,,,,,1,,,
"2016-03-13T04:00:00Z","2016-03-13T04:30:00Z",,,,,,,,1,,,
"2016-03-13T04:30:00Z","2016-03-13T05:00:00Z",,,,,,,,1,,,
"2016-03-13T05:00:00Z","2016-03-13T05:30:00Z",,,,,,,,1,,,
"2016-03-13T05:30:00Z","2016-03-13T06:00:00Z",,,,,,,,1,,,
"2016-03-13T06:00:00Z","2016-03-13T06:30:00Z",,,,,,,,1,,,
"2016-03-13T06:30:00Z","2016-03-13T07:00:00Z",,,,,,,,1,,,
"2016-03-13T07:00:00Z","2016-03-13T07:30:00Z",,,,,,,,1,,,
"2016-03-13T07:30:00Z","2016-03-13T08:00:00Z",,,,,,,,1,,,
"2016-03-13T08:00:00Z","2016-03-13T08:30:00Z",,,,,,,,1,,,
"2016-03-13T08:30:00Z","2016-03-13T09:00:00Z",,,,,,,,1,,,
"2016-03-13T09:00:00Z","2016-03-13T09:30:00Z",,,,,,,,1,,,
"2016-03-13T09:30:00Z","2016-03-13T10:00:00Z",,,,,,,,1,,,
"2016-03-13T10:00:00Z","2016-03-13T10:30:00Z",,,,,,,,1,,,
"2016-03-13T10:30:00Z","2016-03-13T11:00:00Z",,,,,,,,1,,,
"2016-03-13T11:00:00Z","2016-03-13T11:30:00Z",,,,,,,,1,,,
"2016-03-13T11:30:00Z","2016-03-13T12:00:00Z",,,,,,,,1,,,
"2016-03-13T12:00:00Z","2016-03-13T12:30:00Z",,,,,,,,1,,,
"2016-03-13T12:30:00Z","2016-03-13T13:00:00Z",,,,,,,,1,,,
"2016-03-13T13:00:00Z","2016-03-13T13:30:00Z",,,,,,,,1,,,
"2016-03-13T13:30:00Z","2016-03-13T14:00:00Z",,,,,,,,1,,,
"2016-03-13T14:00:00Z","2016-03-13T14:30:00Z",,,,,,,,1,,,
"2016-03-13T14:30:00Z","2016-03-13T15:00:00Z",,,,,,,,1,,,
"2016-03-13T15:00:00Z","2016-03-13T15:30:00Z",,,,,,,,1,,,
"2016-03-13T15:30:00Z","2016-03-13T16:00:00Z",,,,,,,,1,,,
"2016-03-13T16:00:00Z","2016-03-13T16:30:00Z",,,,,,,,1,,,
"2016-03-13T16:30:00Z","2016-03-13T17:00:00Z",,,,,,,,1,,,
"2016-03-13T17:00:00Z","2016-03-13T17:30:00Z",,,,,,,,1,,,
"2016-03-13T17:30:00Z","2016-03-13T18:00:00Z",,,,,,,,1,,,
"2016-03-13T18:00:00Z","2016-03-13T18:30:00Z",,,,,,,,1,,,
"2016-03-13T18:30:00Z","2016-03-13T19:00:00Z",,,,,,,,1,,,
"2016-03-13T19:00:00Z","2016-03-13T19:30:00Z",,,,,,,,1,,,
"2016-03-13T19:30:00Z","2016-03-13T20:00:00Z",,,,,,,,1,,,
"2016-03-13T20:00:00Z","2016-03-13T20:30:00Z",,,,,,,,1,,,
"2016-03-13T20:30:00Z","2016-03-13T21:00:00Z",,,,,,,,1,,,
"2016-03-13T21:00:00Z","2016-03-13T21:30:00Z",,,,,,,,1,,,
"2016-03-13T21:30:00Z","2016-03-13T22:00:00Z",,,,,,,,1,,,
"2016-03-13T22:00:00Z","2016-03-13T22:30:00Z",,,,,,,,1,,,
"2016-03-13T22:30:00Z","2016-03-13T23:00:00Z",,,,,,,,1,,,
"2016-03-13T23:00:00Z","2016-03-13T23:30:00Z",,,,,,,,1,,,
"2016-03-13T23:30:00Z","2016-03-14T00:00:00Z",,,,,,,,1,,,
"2016-03-14T00:00:00Z","2016-03-14T00:30:00Z",,,,,,,,1,,,
"2016-03-14T00:30:00Z","2016-03-14T01:00:00Z",,,,,,,,1,,,
"2016-03-14T01:00:00Z","2016-03-14T01:30:00Z",,,,,,,,1,,,
"2016-03-14T01:30:00Z","2016-03-14T02:00:00Z",,,,,,,,1,,,
"2016-03-14T02:00:00Z","2016-03-14T02:30:00Z",,,,,,,,1,,,
"2016-03-14T02:30:00Z","2016-03-14T03:00:00Z",,,,,,,,1,,,
"2016-03-14T03:00:00Z","2016-03-14T03:30:00Z",,,,,,,,1,,,
"2016-03-14T03:30:00Z","2016-03-14T04:00:00Z",,,,,,,,1,,,
"2016-03-14T04:00:00Z","2016-03-14T04:30:00Z",,,,,,,,1,,,
"2016-03-14T04:30:00Z","2016-03-14T05:00:00Z",,,,,,,,1,,,
"2016-03-14T05:00:00Z","2016-03-14T05:30:00Z",,,,,,,,1,,,
"2016-03-14T05:30:00Z","2016-03-14T06:00:00Z",,,,,,,,1,,,
"2016-03-14T06:00:00Z","2016-03-14T06:30:00Z",,,,,,,,1,,,
"2016-03-14T06:30:00Z","2016-03-14T07:00:00Z",,,,,,,,1,,,
"2016-03-14T07:00:00Z","2016-03-14T07:30:00Z",,,,,,,,1,,,
"2016-03-14T07:30:00Z","2016-03-14T08:00:00Z",,,,,,,,1,,,
"2016-03-14T08:00:00Z","2016-03-14T08:30:00Z",,,,,,,,1,,,
"2016-03-14T08:30:00Z","2016-03-14T09:00:00Z",,,,,,,,1,,,
"2016-03-14T09:00:00Z","2016-03-14T09:30:00Z",,,,,,,,1,,,
"2016-03-14T09:30:00Z","2016-03-14T10:00:00Z",,,,,,,,1,,,
"2016-03-14T10:00:00Z","2016-03-14T10:30:00Z",,,,,,,,1,,,
"2016-03-14T10:30:00Z","2016-03-14T11:00:00Z",,,,,,,,1,,,
"2016-03-14T11:00:00Z","2016-03-14T11:30:00Z",,,,,,,,1,,,
"2016-03-14T11:30:00Z","2016-03-14T12:00:00Z",,,,,,,,1,,,
"2016-03-14T12:00:00Z","2016-03-14T12:30:00Z",,,,,,,,1,,,
"2016-03-14T12:30:00Z","2016-03-14T13:00:00Z",,,,,,,,1,,,
"2016-03-14T13:00:00Z","2016-03-14T13:30:00Z",,,,,,,,1,,,
"2016-03-14T13:30:00Z","2016-03-14T14:00:00Z",,,,,,,,,,,
"2016-03-14T14:00:00Z","2016-03-14T14:30:00Z",,,,,,,,1,,,
"2016-03-14T14:30:00Z","2016-03-14T15:00:00Z",,,,,,,,1,,,
"2016-03-14T15:00:00Z","2016-03-14T15:30:00Z",,,,,,,,1,,,
"2016-03-14T15:30:00Z","2016-03-14T16:00:00Z",,,,,,,,1,,,
"2016-03-14T16:00:00Z","2016-03-14T16:30:00Z",,,,,,,,1,,,
"2016-03-14T16:30:00Z","2016-03-14T17:00:00Z",,,,,,,,1,,,
"2016-03-14T17:00:00Z","2016-03-14T17:30:00Z",,,,,,,,1,,,
"2016-03-14T17:30:00Z","2016-03-14T18:00:00Z",,,,,,,,1,,,
"2016-03-14T18:00:00Z","2016-03-14T18:30:00Z",,,,,,,,1,,,
"2016-03-14T18:30:00Z","2016-03-14T19:00:00Z",,,,,,,,1,,,
"2016-03-14T19:00:00Z","2016-03-14T19:30:00Z",,,,,,,,1,,,
"2016-03-14T19:30:00Z","2016-03-14T20:00:00Z",,,,,,,,1,,,
"2016-03-14T20:00:00Z","2016-03-14T20:30:00Z",,,,,,,,1,,,
"2016-03-14T20:30:00Z","2016-03-14T21:00:00Z",,,,,,,,1,,,
"2016-03-14T21:00:00Z","2016-03-14T21:30:00Z",,,,,,,,1,,,
"2016-03-14T21:30:00Z","2016-03-14T22:00:00Z",,,,,,,,1,,,
"2016-03-14T22:00:00Z","2016-03-14T22:30:00Z",,,,,,,,1,,,
"2016-03-14T22:30:00Z","2016-03-14T23:00:00Z",,,,,,,,1,,,
"2016-03-14T23:00:00Z","2016-03-14T23:30:00Z",,,,,,,,1,,,
"2016-03-14T23:30:00Z","2016-03-15T00:00:00Z",,,,,,,,1,,,
"2016-03-15T00:00:00Z","2016-03-15T00:30:00Z",,,,,,,,1,,,
"2016-03-15T00:30:00Z","2016-03-15T01:00:00Z",,,,,,,,,,,
"2016-03-15T01:00:00Z","2016-03-15T01:30:00Z",,,,,,,,1,,,
"2016-03-15T01:30:00Z","2016-03-15T02:00:00Z",,,,,,,,1,,,
"2016-03-15T02:00:00Z","2016-03-15T02:30:00Z",,,,,,,,1,,,
"2016-03-15T02:30:00Z","2016-03-15T03:00:00Z",,,,,,,,1,,,
"2016-03-15T03:00:00Z","2016-03-15T03:30:00Z",,,,,,,,1,,,
"2016-03-15T03:30:00Z","2016-03-15T04:00:00Z",,,,,,,,1,,,
"2016-03-15T04:00:00Z","2016-03-15T04:30:00Z",,,,,,,,1,,,
"2016-03-15T04:30:00Z","2016-03-15T05:00:00Z",,,,,,,,1,,,
"2016-03-15T05:00:00Z","2016-03-15T05:30:00Z",,,,,,,,1,,,
"2016-03-15T05:30:00Z","2016-03-15T06:00:00Z",,,,,,,,1,,,
"2016-03-15T06:00:00Z","2016-03-15T06:30:00Z",,,,,,,,1,,,
"2016-03-15T06:30:00Z","2016-03-15T07:00:00Z",,,,,,,,1,,,
"2016-03-15T07:00:00Z","2016-03-15T07:30:00Z",,,,,,,,1,,,
"2016-03-15T07:30:00Z","2016-03-15T08:00:00Z",,,,,,,,1,,,
"2016-03-15T08:00:00Z","2016-03-15T08:30:00Z",,,,,,,,1,,,
"2016-03-15T08:30:00Z","2016-03-15T09:00:00Z",,,,,,,,1,,,
"2016-03-15T09:00:00Z","2016-03-15T09:30:00Z",,,,,,,,1,,,
"2016-03-15T09:30:00Z","2016-03-15T10:00:00Z",,,,,,,,1,,,
"2016-03-15T10:00:00Z","2016-03-15T10:30:00Z",,,,,,,,1,,,
"2016-03-15T10:30:00Z","2016-03-15T11:00:00Z",,,,,,,,1,,,
"2016-03-15T11:00:00Z","2016-03-15T11:30:00Z",,,,,,,,1,,,
"2016-03-15T11:30:00Z","2016-03-15T12:00:00Z",,,,,,,,1,,,
"2016-03-15T12:00:00Z","2016-03-15T12:30:00Z",,,,,,,,1,,,
"2016-03-15T12:30:00Z","2016-03-15T13:00:00Z",,,,,,,,1,,,
"2016-03-15T13:00:00Z","2016-03-15T13:30:00Z",,,,,,,,1,,,
"2016-03-15T13:30:00Z","2016-03-15T14:00:00Z",,,,,,,,1,,,
"2016-03-15T14:00:00Z","2016-03-15T14:30:00Z",,,,,,,,1,,,
"2016-03-15T14:30:00Z","2016-03-15T15:00:00Z",,,,,,,,1,,,
"2016-03-15T15:00:00Z","2016-03-15T15:30:00Z",,,,,,,,1,,,
"2016-03-15T15:30:00Z","2016-03-15T16:00:00Z",,,,,,,,1,,,
"2016-03-15T16:00:00Z","2016-03-15T16:30:00Z",,,,,,,,1,,,
"2016-03-15T16:30:00Z","2016-03-15T17:00:00Z",,,,,,,,1,,,
"2016-03-15T17:00:00Z","2016-03-15T17:30:00Z",,,,,,,,1,,,
"2016-03-15T17:30:00Z","2016-03-15T18:00:00Z",,,,,,,,1,,,
"2016-03-15T18:00:00Z","2016-03-15T18:30:00Z",,,,,,,,1,,,
"2016-03-15T18:30:00Z","2016-03-15T19:00:00Z",,,,,,,,1,,,
"2016-03-15T19:00:00Z","2016-03-15T19:30:00Z",,,,,,,,1,,,
"2016-03-15T19:30:00Z","2016-03-15T20:00:00Z",,,,,,,,1,,,
"2016-03-15T20:00:00Z","2016-03-15T20:30:00Z",,,,,,,,1,,,
"2016-03-15T20:30:00Z","2016-03-15T21:00:00Z",,,,,,,,1,,,
"2016-03-15T21:00:00Z","2016-03-15T21:30:00Z",,,,,,,,1,,,
"2016-03-15T21:30:00Z","2016-03-15T22:00:00Z",,,,,,,,1,,,
"2016-03-15T22:00:00Z","2016-03-15T22:30:00Z",,,,,,,,1,,,
"2016-03-15T22:30:00Z","2016-03-15T23:00:00Z",,,,,,,,1,,,
"2016-03-15T23:00:00Z","2016-03-15T23:30:00Z",,,,,,,,1,,,
"2016-03-15T23:30:00Z","2016-03-16T00:00:00Z",,,,,,,,1,,,
"2016-03-16T00:00:00Z","2016-03-16T00:30:00Z",,,,,,,,1,,,
"2016-03-16T00:30:00Z","2016-03-16T01:00:00Z",,,,,,,,1,,,
"2016-03-16T01:00:00Z","2016-03-16T01:30:00Z",,,,,,,,1,,,
"2016-03-16T01:30:00Z","2016-03-16T02:00:00Z",,,,,,,,1,,,
"2016-03-16T02:00:00Z","2016-03-16T02:30:00Z",,,,,,,,1,,,
"2016-03-16T02:30:00Z","2016-03-16T03:00:00Z",,,,,,,,1,,,
"2016-03-16T03:00:00Z","2016-03-16T03:30:00Z",,,,,,,,1,,,
"2016-03-16T03:30:00Z","2016-03-16T04:00:00Z",,,,,,,,1,,,
"2016-03-16T04:00:00Z","2016-03-16T04:30:00Z",,,,,,,,1,,,
"2016-03-16T04:30:00Z","2016-03-16T05:00:00Z",,,,,,,,1,,,
"2016-03-16T05:00:00Z","2016-03-16T05:30:00Z",,,,,,,,1,,,
"2016-03-16T05:30:00Z","2016-03-16T06:00:00Z",,,,,,,,1,,,
"2016-03-16T06:00:00Z","2016-03-16T06:30:00Z",,,,,,,,1,,,
"2016-03-16T06:30:00Z","2016-03-16T07:00:00Z",,,,,,,,1,,,
"2016-03-16T07:00:00Z","2016-03-16T07:30:00Z",,,,,,,,1,,,
"2016-03-16T07:30:00Z","2016-03-16T08:00:00Z",,,,,,,,1,,,
"2016-03-16T08:00:00Z","2016-03-16T08:30:00Z",,,,,,,,,,,
"2016-03-16T08:30:00Z","2016-03-16T09:00:00Z",,,,,,,,1,,,
"2016-03-16T09:00:00Z","2016-03-16T09:30:00Z",,,,,,,,1,,,
"2016-03-16T09:30:00Z","2016-03-16T10:00:00Z",,,,,,,,1,,,
"2016-03-16T10:00:00Z","2016-03-16T10:30:00Z",,,,,,,,1,,,
"2016-03-16T10:30:00Z","2016-03-16T11:00:00Z",,,,,,,,1,,,
"2016-03-16T11:00:00Z","2016-03-16T11:30:00Z",,,,,,,,1,,,
"2016-03-16T11:30:00Z","2016-03-16T12:00:00Z",,,,,,,,1,,,
"2016-03-16T12:00:00Z","2016-03-16T12:30:00Z",,,,,,,,1,,,
"2016-03-16T12:30:00Z","2016-03-16T13:00:00Z",,,,,,,,1,,,
"2016-03-16T13:00:00Z","2016-03-16T13:30:00Z",,,,,,,,1,,,
"2016-03-16T13:30:00Z","2016-03-16T14:00:00Z",,,,,,,,1,,,
"2016-03-16T14:00:00Z","2016-03-16T14:30:00Z",,,,,,,,1,,,
"2016-03-16T14:30:00Z","2016-03-16T15:00:00Z",,,,,,,,1,,,
"2016-03-16T15:00:00Z","2016-03-16T15:30:00Z",,,,,,,,1,,,
"2016-03-16T15:30:00Z","2016-03-16T16:00:00Z",,,,,,,,1,,,
"2016-03-16T16:00:00Z","2016-03-16T16:30:00Z",,,,,,,,1,,,
"2016-03-16T16:30:00Z","2016-03-16T17:00:00Z",,,,,,,,1,,,
"2016-03-16T17:00:00Z","2016-03-16T17:30:00Z",,,,,,,,1,,,
"2016-03-16T17:30:00Z","2016-03-16T18:00:00Z",,,,,,,,1,,,
"2016-03-16T18:00:00Z","2016-03-16T18:30:00Z",,,,,,,,1,,,
"2016-03-16T18:30:00Z","2016-03-16T19:00:00Z",,,,,,,,1,,,
"2016-03-16T19:00:00Z","2016-03-16T19:30:00Z",,,,,,,,1,,,
"2016-03-16T19:30:00Z","2016-03-16T20:00:00Z",,,,,,,,1,,,
"2016-03-16T20:00:00Z","2016-03-16T20:30:00Z",,,,,,,,1,,,
"2016-03-16T20:30:00Z","2016-03-16T21:00:00Z",,,,,,,,1,,,
"2016-03-16T21:00:00Z","2016-03-16T21:30:00Z",,,,,,,,1,,,
"2016-03-16T21:30:00Z","2016-03-16T22:00:00Z",,,,,,,,1,,,
"2016-03-16T22:00:00Z","2016-03-16T22:30:00Z",,,,,,,,1,,,
"2016-03-16T22:30:00Z","2016-03-16T23:00:00Z",,,,,,,,1,,,
"2016-03-16T23:00:00Z","2016-03-16T23:30:00Z",,,,,,,,1,,,
"2016-03-16T23:30:00Z","2016-03-17T00:00:00Z",,,,,,,,1,,,
"2016-03-17T00:00:00Z","2016-03-17T00:30:00Z",,,,,,,,1,,,
"2016-03-17T00:30:00Z","2016-03-17T01:00:00Z",,,,,,,,1,,,
"2016-03-17T01:00:00Z","2016-03-17T01:30:00Z",,,,,,,,1,,,
"2016-03-17T01:30:00Z","2016-03-17T02:00:00Z",,,,,,,,1,,,
"2016-03-17T02:00:00Z","2016-03-17T02:30:00Z",,,,,,,,1,,,
"2016-03-17T02:30:00Z","2016-03-17T03:00:00Z",,,,,,,,1,,,
"2016-03-17T03:00:00Z","2016-03-17T03:30:00Z",,,,,,,,1,,,
"2016-03-17T03:30:00Z","2016-03-17T04:00:00Z",,,,,,,,1,,,
"2016-03-17T04:00:00Z","2016-03-17T04:30:00Z",,,,,,,,1,,,
"2016-03-17T04:30:00Z","2016-03-17T05:00:00Z",,,,,,,,1,,,
"2016-03-17T05:00:00Z","2016-03-17T05:30:00Z",,,,,,,,1,,,
"2016-03-17T05:30:00Z","2016-03-17T06:00:00Z",,,,,,,,1,,,
"2016-03-17T06:00:00Z","2016-03-17T06:30:00Z",,,,,,,,1,,,
"2016-03-17T06:30:00Z","2016-03-17T07:00:00Z",,,,,,,,1,,,
"2016-03-17T07:00:00Z","2016-03-17T07:30:00Z",,,,,,,,1,,,
"2016-03-17T07:30:00Z","2016-03-17T08:00:00Z",,,,,,,,1,,,
"2016-03-17T08:00:00Z","2016-03-17T08:30:00Z",,,,,,,,1,,,
"2016-03-17T08:30:00Z","2016-03-17T09:00:00Z",,,,,,,,,,,
"2016-03-17T09:00:00Z","2016-03-17T09:30:00Z",,,,,,,,1,,,
"2016-03-17T09:30:00Z","2016-03-17T10:00:00Z",,,,,,,,1,,,
"2016-03-17T10:00:00Z","2016-03-17T10:30:00Z",,,,,,,,1,,,
"2016-03-17T10:30:00Z","2016-03-17T11:00:00Z",,,,,,,,1,,,
"2016-03-17T11:00:00Z","2016-03-17T11:30:00Z",,,,,,,,1,,,
"2016-03-17T11:30:00Z","2016-03-17T12:00:00Z",,,,,,,,1,,,
"2016-03-17T12:00:00Z","2016-03-17T12:30:00Z",,,,,,,,1,,,
"2016-03-17T12:30:00Z","2016-03-17T13:00:00Z",,,,,,,,1,,,
"2016-03-17T13:00:00Z","2016-03-17T13:30:00Z",,,,,,,,1,,,
"2016-03-17T13:30:00Z","2016-03-17T14:00:00Z",,,,,,,,1,,,
"2016-03-17T14:00:00Z","2016-03-17T14:30:00Z",,,,,,,,1,,,
"2016-03-17T14:30:00Z","2016-03-17T15:00:00Z",,,,,,,,1,,,
"2016-03-17T15:00:00Z","2016-03-17T15:30:00Z",,,,,,,,1,,,
"2016-03-17T15:30:00Z","2016-03-17T16:00:00Z",,,,,,,,,,,
"2016-03-17T16:00:00Z","2016-03-17T16:30:00Z",,,,,,,,1,,,
"2016-03-17T16:30:00Z","2016-03-17T17:00:00Z",,,,,,,,1,,,
"2016-03-17T17:00:00Z","2016-03-17T17:30:00Z",,,,,,,,1,,,
"2016-03-17T17:30:00Z","2016-03-17T18:00:00Z",,,,,,,,1,,,
"2016-03-17T18:00:00Z","2016-03-17T18:30:00Z",,,,,,,,1,,,
"2016-03-17T18:30:00Z","2016-03-17T19:00:00Z",,,,,,,,1,,,
"2016-03-17T19:00:00Z","2016-03-17T19:30:00Z",,,,,,,,1,,,
"2016-03-17T19:30:00Z","2016-03-17T20:00:00Z",,,,,,,,1,,,
"2016-03-17T20:00:00Z","2016-03-17T20:30:00Z",,,,,,,,1,,,
"2016-03-17T20:30:00Z","2016-03-17T21:00:00Z",,,,,,,,1,,,
"2016-03-17T21:00:00Z","2016-03-17T21:30:00Z",,,,,,,,1,,,
"2016-03-17T21:30:00Z","2016-03-17T22:00:00Z",,,,,,,,1,,,
"2016-03-17T22:00:00Z","2016-03-17T22:30:00Z",,,,,,,,1,,,
"2016-03-17T22:30:00Z","2016-03-17T23:00:00Z",,,,,,,,1,,,
"2016-03-17T23:00:00Z","2016-03-17T23:30:00Z",,,,,,,,1,,,
"2016-03-17T23:30:00Z","2016-03-18T00:00:00Z",,,,,,,,1,,,
"2016-03-18T00:00:00Z","2016-03-18T00:30:00Z",,,,,,,,1,,,
"2016-03-18T00:30:00Z","2016-03-18T01:00:00Z",,,,,,,,1,,,
"2016-03-18T01:00:00Z","2016-03-18T01:30:00Z",,,,,,,,1,,,
"2016-03-18T01:30:00Z","2016-03-18T02:00:00Z",,,,,,,,1,,,
"2016-03-18T02:00:00Z","2016-03-18T02:30:00Z",,,,,,,,1,,,
"2016-03-18T02:30:00Z","2016-03-18T03:00:00Z",,,,,,,,1,,,
"2016-03-18T03:00:00Z","2016-03-18T03:30:00Z",,,,,,,,1,,,
"2016-03-18T03:30:00Z","2016-03-18T04:00:00Z",,,,,,,,1,,,
"2016-03-18T04:00:00Z","2016-03-18T04:30:00Z",,,,,,,,1,,,
"2016-03-18T04:30:00Z","2016-03-18T05:00:00Z",,,,,,,,1,,,
"2016-03-18T05:00:00Z","2016-03-18T05:30:00Z",,,,,,,,1,,,
"2016-03-18T05:30:00Z","2016-03-18T06:00:00Z",,,,,,,,1,,,
"2016-03-18T06:00:00Z","2016-03-18T06:30:00Z",,,,,,,,,,,
"2016-03-18T06:30:00Z","2016-03-18T07:00:00Z",,,,,,,,1,,,
"2016-03-18T07:00:00Z","2016-03-18T07:30:00Z",,,,,,,,1,,,
"2016-03-18T07:30:00Z","2016-03-18T08:00:00Z",,,,,,,,1,,,
"2016-03-18T08:00:00Z","2016-03-18T08:30:00Z",,,,,,,,1,,,
"2016-03-18T08:30:00Z","2016-03-18T09:00:00Z",,,,,,,,1,,,
"2016-03-18T09:00:00Z","2016-03-18T09:30:00Z",,,,,,,,1,,,
"2016-03-18T09:30:00Z","2016-03-18T10:00:00Z",,,,,,,,1,,,
"2016-03-18T10:00:00Z","2016-03-18T10:30:00Z",,,,,,,,1,,,
"2016-03-18T10:30:00Z","2016-03-18T11:00:00Z",,,,,,,,1,,,
"2016-03-18T11:00:00Z","2016-03-18T11:30:00Z",,,,,,,,1,,,
"2016-03-18T11:30:00Z","2016-03-18T12:00:00Z",,,,,,,,1,,,
"2016-03-18T12:00:00Z","2016-03-18T12:30:00Z",,,,,,,,1,,,
"2016-03-18T12:30:00Z","2016-03-18T13:00:00Z",,,,,,,,1,,,
"2016-03-18T13:00:00Z","2016-03-18T13:30:00Z",,,,,,,,1,,,
"2016-03-18T13:30:00Z","2016-03-18T14:00:00Z",,,,,,,,1,,,
"2016-03-18T14:00:00Z","2016-03-18T14:30:00Z",,,,,,,,1,,,
"2016-03-18T14:30:00Z","2016-03-18T15:00:00Z",,,,,,,,1,,,
"2016-03-18T15:00:00Z","2016-03-18T15:30:00Z",,,,,,,,1,,,
"2016-03-18T15:30:00Z","2016-03-18T16:00:00Z",,,,,,,,1,,,
"2016-03-18T16:00:00Z","2016-03-18T16:30:00Z",,,,,,,,1,,,
"2016-03-18T16:30:00Z","2016-03-18T17:00:00Z",,,,,,,,1,,,
"2016-03-18T17:00:00Z","2016-03-18T17:30:00Z",,,,,,,,1,,,
"2016-03-18T17:30:00Z","2016-03-18T18:00:00Z",,,,,,,,1,,,
"2016-03-18T18:00:00Z","2016-03-18T18:30:00Z",,,,,,,,1,,,
"2016-03-18T18:30:00Z","2016-03-18T19:00:00Z",,,,,,,,1,,,
"2016-03-18T19:00:00Z","2016-03-18T19:30:00Z",,,,,,,,1,,,
"2016-03-18T19:30:00Z","2016-03-18T20:00:00Z",,,,,,,,1,,,
"2016-03-18T20:00:00Z","2016-03-18T20:30:00Z",,,,,,,,1,,,
"2016-03-18T20:30:00Z","2016-03-18T21:00:00Z",,,,,,,,1,,,
"2016-03-18T21:00:00Z","2016-03-18T21:30:00Z",,,,,,,,1,,,
"2016-03-18T21:30:00Z","2016-03-18T22:00:00Z",,,,,,,,1,,,
"2016-03-18T22:00:00Z","2016-03-18T22:30:00Z",,,,,,,,1,,,
"2016-03-18T22:30:00Z","2016-03-18T23:00:00Z",,,,,,,,,,,
"2016-03-18T23:00:00Z","2016-03-18T23:30:00Z",,,,,,,,1,,,
"2016-03-18T23:30:00Z","2016-03-19T00:00:00Z",,,,,,,,1,,,
"2016-03-19T00:00:00Z","2016-03-19T00:30:00Z",,,,,,,,1,,,
"2016-03-19T00:30:00Z","2016-03-19T01:00:00Z",,,,,,,,1,,,
"2016-03-19T01:00:00Z","2016-03-19T01:30:00Z",,,,,,,,1,,,
"2016-03-19T01:30:00Z","2016-03-19T02:00:00Z",,,,,,,,1,,,
"2016-03-19T02:00:00Z","2016-03-19T02:30:00Z",,,,,,,,1,,,
"2016-03-19T02:30:00Z","2016-03-19T03:00:00Z",,,,,,,,1,,,
"2016-03-19T03:00:00Z","2016-03-19T03:30:00Z",,,,,,,,1,,,
"2016-03-19T03:30:00Z","2016-03-19T04:00:00Z",,,,,,,,1,,,
"2016-03-19T04:00:00Z","2016-03-19T04:30:00Z",,,,,,,,1,,,
"2016-03-19T04:30:00Z","2016-03-19T05:00:00Z",,,,,,,,,,,
"2016-03-19T05:00:00Z","2016-03-19T05:30:00Z",,,,,,,,1,,,
"2016-03-19T05:30:00Z","2016-03-19T06:00:00Z",,,,,,,,1,,,
"2016-03-19T06:00:00Z","2016-03-19T06:30:00Z",,,,,,,,1,,,
"2016-03-19T06:30:00Z","2016-03-19T07:00:00Z",,,,,,,,1,,,
"2016-03-19T07:00:00Z","2016-03-19T07:30:00Z",,,,,,,,1,,,
"2016-03-19T07:30:00Z","2016-03-19T08:00:00Z",,,,,,,,1,,,
"2016-03-19T08:00:00Z","2016-03-19T08:30:00Z",,,,,,,,1,,,
"2016-03-19T08:30:00Z","2016-03-19T09:00:00Z",,,,,,,,1,,,
"2016-03-19T09:00:00Z","2016-03-19T09:30:00Z",,,,,,,,1,,,
"2016-03-19T09:30:00Z","2016-03-19T10:00:00Z",,,,,,,,1,,,
"2016-03-19T10:00:00Z","2016-03-19T10:30:00Z",,,,,,,,1,,,
"2016-03-19T10:30:00Z","2016-03-19T11:00:00Z",,,,,,,,1,,,
"2016-03-19T11:00:00Z","2016-03-19T11:30:00Z",,,,,,,,1,,,
"2016-03-19T11:30:00Z","2016-03-19T12:00:00Z",,,,,,,,1,,,
"2016-03-19T12:00:00Z","2016-03-19T12:30:00Z",,,,,,,,1,,,
"2016-03-19T12:30:00Z","2016-03-19T13:00:00Z",,,,,,,,1,,,
"2016-03-19T13:00:00Z","2016-03-19T13:30:00Z",,,,,,,,1,,,
"2016-03-19T13:30:00Z","2016-03-19T14:00:00Z",,,,,,,,1,,,
"2016-03-19T14:00:00Z","2016-03-19T14:30:00Z",,,,,,,,1,,,
"2016-03-19T14:30:00Z","2016-03-19T15:00:00Z",,,,,,,,1,,,
"2016-03-19T15:00:00Z","2016-03-19T15:30:00Z",,,,,,,,1,,,
"2016-03-19T15:30:00Z","2016-03-19T16:00:00Z",,,,,,,,1,,,
"2016-03-19T16:00:00Z","2016-03-19T16:30:00Z",,,,,,,,1,,,
"2016-03-19T16:30:00Z","2016-03-19T17:00:00Z",,,,,,,,1,,,
"2016-03-19T17:00:00Z","2016-03-19T17:30:00Z",,,,,,,,1,,,
"2016-03-19T17:30:00Z","2016-03-19T18:00:00Z",,,,,,,,1,,,
"2016-03-19T18:00:00Z","2016-03-19T18:30:00Z",,,,,,,,1,,,
"2016-03-19T18:30:00Z","2016-03-19T19:00:00Z",,,,,,,,1,,,
"2016-03-19T19:00:00Z","2016-03-19T19:30:00Z",,,,,,,,1,,,
"2016-03-19T19:30:00Z","2016-03-19T20:00:00Z",,,,,,,,1,,,
"2016-03-19T20:00:00Z","2016-03-19T20:30:00Z",,,,,,,,1,,,
"2016-03-19T20:30:00Z","2016-03-19T21:00:00Z",,,,,,,,1,,,
"2016-03-19T21:00:00Z","2016-03-19T21:30:00Z",,,,,,,,1,,,
"2016-03-19T21:30:00Z","2016-03-19T22:00:00Z",,,,,,,,1,,,
"2016-03-19T22:00:00Z","2016-03-19T22:30:00Z",,,,,,,,1,,,
"2016-03-19T22:30:00Z","2016-03-19T23:00:00Z",,,,,,,,1,,,
"2016-03-19T23:00:00Z","2016-03-19T23:30:00Z",,,,,,,,1,,,
"2016-03-19T23:30:00Z","2016-03-20T00:00:00Z",,,,,,,,1,,,
"2016-03-20T00:00:00Z","2016-03-20T00:30:00Z",,,,,,,,1,,,
"2016-03-20T00:30:00Z","2016-03-20T01:00:00Z",,,,,,,,1,,,
"2016-03-20T01:00:00Z","2016-03-20T01:30:00Z",,,,,,,,1,,,
"2016-03-20T01:30:00Z","2016-03-20T02:00:00Z",,,,,,,,1,,,
"2016-03-20T02:00:00Z","2016-03-20T02:30:00Z",,,,,,,,1,,,
"2016-03-20T02:30:00Z","2016-03-20T03:00:00Z",,,,,,,,1,,,
"2016-03-20T03:00:00Z","2016-03-20T03:30:00Z",,,,,,,,1,,,
"2016-03-20T03:30:00Z","2016-03-20T04:00:00Z",,,,,,,,1,,,
"2016-03-20T04:00:00Z","2016-03-20T04:30:00Z",,,,,,,,1,,,
"2016-03-20T04:30:00Z","2016-03-20T05:00:00Z",,,,,,,,1,,,
"2016-03-20T05:00:00Z","2016-03-20T05:30:00Z",,,,,,,,1,,,
"2016-03-20T05:30:00Z","2016-03-20T06:00:00Z",,,,,,,,1,,,
"2016-03-20T06:00:00Z","2016-03-20T06:30:00Z",,,,,,,,1,,,
"2016-03-20T06:30:00Z","2016-03-20T07:00:00Z",,,,,,,,1,,,
"2016-03-20T07:00:00Z","2016-03-20T07:30:00Z",,,,,,,,1,,,
"2016-03-20T07:30:00Z","2016-03-20T08:00:00Z",,,,,,,,1,,,
"2016-03-20T08:00:00Z","2016-03-20T08:30:00Z",,,,,,,,1,,,
"2016-03-20T08:30:00Z","2016-03-20T09:00:00Z",,,,,,,,1,,,
"2016-03-20T09:00:00Z","2016-03-20T09:30:00Z",,,,,,,,1,,,
"2016-03-20T09:30:00Z","2016-03-20T10:00:00Z",,,,,,,,1,,,
"2016-03-20T10:00:00Z","2016-03-20T10:30:00Z",,,,,,,,1,,,
"2016-03-20T10:30:00Z","2016-03-20T11:00:00Z",,,,,,,,,,,
"2016-03-20T11:00:00Z","2016-03-20T11:30:00Z",,,,,,,,1,,,
"2016-03-20T11:30:00Z","2016-03-20T12:00:00Z",,,,,,,,1,,,
"2016-03-20T12:00:00Z","2016-03-20T12:30:00Z",,,,,,,,1,,,
"2016-03-20T12:30:00Z","2016-03-20T13:00:00Z",,,,,,,,1,,,
"2016-03-20T13:00:00Z","2016-03-20T13:30:00Z",,,,,,,,1,,,
"2016-03-20T13:30:00Z","2016-03-20T14:00:00Z",,,,,,,,1,,,
"2016-03-20T14:00:00Z","2016-03-20T14:30:00Z",,,,,,,,1,,,
"2016-03-20T14:30:00Z","2016-03-20T15:00:00Z",,,,,,,,1,,,
"2016-03-20T15:00:00Z","2016-03-20T15:30:00Z",,,,,,,,1,,,
"2016-03-20T15:30:00Z","2016-03-20T16:00:00Z",,,,,,,,1,,,
"2016-03-20T16:00:00Z","2016-03-20T16:30:00Z",,,,,,,,1,,,
"2016-03-20T16:30:00Z","2016-03-20T17:00:00Z",,,,,,,,1,,,
"2016-03-20T17:00:00Z","2016-03-20T17:30:00Z",,,,,,,,1,,,
"2016-03-20T17:30:00Z","2016-03-20T18:00:00Z",,,,,,,,1,,,
"2016-03-20T18:00:00Z","2016-03-20T18:30:00Z",,,,,,,,1,,,
"2016-03-20T18:30:00Z","2016-03-20T19:00:00Z",,,,,,,,1,,,
"2016-03-20T19:00:00Z","2016-03-20T19:30:00Z",,,,,,,,1,,,
"2016-03-20T19:30:00Z","2016-03-20T20:00:00Z",,,,,,,,1,,,
"2016-03-20T20:00:00Z","2016-03-20T20:30:00Z",,,,,,,,1,,,
"2016-03-20T20:30:00Z","2016-03-20T21:00:00Z",,,,,,,,1,,,
"2016-03-20T21:00:00Z","2016-03-20T21:30:00Z",,,,,,,,1,,,
"2016-03-20T21:30:00Z","2016-03-20T22:00:00Z",,,,,,,,1,,,
"2016-03-20T22:00:00Z","2016-03-20T22:30:00Z",,,,,,,,1,,,
"2016-03-20T22:30:00Z","2016-03-20T23:00:00Z",,,,,,,,1,,,
"2016-03-20T23:00:00Z","2016-03-20T23:30:00Z",,,,,,,,1,,,
"2016-03-20T23:30:00Z","2016-03-21T00:00:00Z",,,,,,,,1,,,
"2016-03-21T00:00:00Z","2016-03-21T00:30:00Z",,,,,,,,1,,,
"2016-03-21T00:30:00Z","2016-03-21T01:00:00Z",,,,,,,,1,,,
"2016-03-21T01:00:00Z","2016-03-21T01:30:00Z",,,,,,,,1,,,
"2016-03-21T01:30:00Z","2016-03-21T02:00:00Z",,,,,,,,1,,,
"2016-03-21T02:00:00Z","2016-03-21T02:30:00Z",,,,,,,,1,,,
"2016-03-21T02:30:00Z","2016-03-21T03:00:00Z",,,,,,,,,,,
"2016-03-21T03:00:00Z","2016-03-21T03:30:00Z",,,,,,,,1,,,
"2016-03-21T03:30:00Z","2016-03-21T04:00:00Z",,,,,,,,1,,,
"2016-03-21T04:00:00Z","2016-03-21T04:30:00Z",,,,,,,,1,,,
"2016-03-21T04:30:00Z","2016-03-21T05:00:00Z",,,,,,,,1,,,
"2016-03-21T05:00:00Z","2016-03-21T05:30:00Z",,,,,,,,1,,,
"2016-03-21T05:30:00Z","2016-03-21T06:00:00Z",,,,,,,,1,,,
"2016-03-21T06:00:00Z","2016-03-21T06:30:00Z",,,,,,,,1,,,
"2016-03-21T06:30:00Z","2016-03-21T07:00:00Z",,,,,,,,1,,,
"2016-03-21T07:00:00Z","2016-03-21T07:30:00Z",,,,,,,,1,,,
"2016-03-21T07:30:00Z","2016-03-21T08:00:00Z",,,,,,,,1,,,
"2016-03-21T08:00:00Z","2016-03-21T08:30:00Z",,,,,,,,1,,,
"2016-03-21T08:30:00Z","2016-03-21T09:00:00Z",,,,,,,,1,,,
"2016-03-21T09:00:00Z","2016-03-21T09:30:00Z",,,,,,,,1,,,
"2016-03-21T09:30:00Z","2016-03-21T10:00:00Z",,,,,,,,1,,,
"2016-03-21T10:00:00Z","2016-03-21T10:30:00Z",,,,,,,,1,,,
"2016-03-21T10:30:00Z","2016-03-21T11:00:00Z",,,,,,,,1,,,
"2016-03-21T11:00:00Z","2016-03-21T11:30:00Z",,,,,,,,1,,,
"2016-03-21T11:30:00Z","2016-03-21T12:00:00Z",,,,,,,,1,,,
"2016-03-21T12:00:00Z","2016-03-21T12:30:00Z",,,,,,,,1,,,
"2016-03-21T12:30:00Z","2016-03-21T13:00:00Z",,,,,,,,1,,,
"2016-03-21T13:00:00Z","2016-03-21T13:30:00Z",,,,,,,,1,,,
"2016-03-21T13:30:00Z","2016-03-21T14:00:00Z",,,,,,,,1,,,
"2016-03-21T14:00:00Z","2016-03-21T14:30:00Z",,,,,,,,1,,,
"2016-03-21T14:30:00Z","2016-03-21T15:00:00Z",,,,,,,,1,,,
"2016-03-21T15:00:00Z","2016-03-21T15:30:00Z",,,,,,,,1,,,
"2016-03-21T15:30:00Z","2016-03-21T16:00:00Z",,,,,,,,,,,
"2016-03-21T16:00:00Z","2016-03-21T16:30:00Z",,,,,,,,1,,,
"2016-03-21T16:30:00Z","2016-03-21T17:00:00Z",,,,,,,,1,,,
"2016-03-21T17:00:00Z","2016-03-21T17:30:00Z",,,,,,,,1,,,
"2016-03-21T17:30:00Z","2016-03-21T18:00:00Z",,,,,,,,1,,,
"2016-03-21T18:00:00Z","2016-03-21T18:30:00Z",,,,,,,,1,,,
"2016-03-21T18:30:00Z","2016-03-21T19:00:00Z",,,,,,,,1,,,
"2016-03-21T19:00:00Z","2016-03-21T19:30:00Z",,,,,,,,1,,,
"2016-03-21T19:30:00Z","2016-03-21T20:00:00Z",,,,,,,,1,,,
"2016-03-21T20:00:00Z","2016-03-21T20:30:00Z",,,,,,,,1,,,
"2016-03-21T20:30:00Z","2016-03-21T21:00:00Z",,,,,,,,1,,,
"2016-03-21T21:00:00Z","2016-03-21T21:30:00Z",,,,,,,,1,,,
"2016-03-21T21:30:00Z","2016-03-21T22:00:00Z",,,,,,,,1,,,
"2016-03-21T22:00:00Z","2016-03-21T22:30:00Z",,,,,,,,1,,,
"2016-03-21T22:30:00Z","2016-03-21T23:00:00Z",,,,,,,,,,,
"2016-03-21T23:00:00Z","2016-03-21T23:30:00Z",,,,,,,,1,,,
"2016-03-21T23:30:00Z","2016-03-22T00:00:00Z",,,,,,,,1,,,
"2016-03-22T00:00:00Z","2016-03-22T00:30:00Z",,,,,,,,1,,,
"2016-03-22T00:30:00Z","2016-03-22T01:00:00Z",,,,,,,,1,,,
"2016-03-22T01:00:00Z","2016-03-22T01:30:00Z",,,,,,,,1,,,
"2016-03-22T01:30:00Z","2016-03-22T02:00:00Z",,,,,,,,1,,,
"2016-03-22T02:00:00Z","2016-03-22T02:30:00Z",,,,,,,,1,,,
"2016-03-22T02:30:00Z","2016-03-22T03:00:00Z",,,,,,,,1,,,
"2016-03-22T03:00:00Z","2016-03-22T03:30:00Z",,,,,,,,1,,,
"2016-03-22T03:30:00Z","2016-03-22T04:00:00Z",,,,,,,,1,,,
"2016-03-22T04:00:00Z","2016-03-22T04:30:00Z",,,,,,,,1,,,
"2016-03-22T04:30:00Z","2016-03-22T05:00:00Z",,,,,,,,1,,,
"2016-03-22T05:00:00Z","2016-03-22T05:30:00Z",,,,,,,,1,,,
"2016-03-22T05:30:00Z","2016-03-22T06:00:00Z",,,,,,,,1,,,
"2016-03-22T06:00:00Z","2016-03-22T06:30:00Z",,,,,,,,1,,,
"2016-03-22T06:30:00Z","2016-03-22T07:00:00Z",,,,,,,,1,,,
"2016-03-22T07:00:00Z","2016-03-22T07:30:00Z",,,,,,,,1,,,
"2016-03-22T07:30:00Z","2016-03-22T08:00:00Z",,,,,,,,1,,,
"2016-03-22T08:00:00Z","2016-03-22T08:30:00Z",,,,,,,,1,,,
"2016-03-22T08:30:00Z","2016-03-22T09:00:00Z",,,,,,,,1,,,
"2016-03-22T09:00:00Z","2016-03-22T09:30:00Z",,,,,,,,1,,,
"2016-03-22T09:30:00Z","2016-03-22T10:00:00Z",,,,,,,,1,,,
"2016-03-22T10:00:00Z","2016-03-22T10:30:00Z",,,,,,,,1,,,
"2016-03-22T10:30:00Z","2016-03-22T11:00:00Z",,,,,,,,1,,,
"2016-03-22T11:00:00Z","2016-03-22T11:30:00Z",,,,,,,,1,,,
"2016-03-22T11:30:00Z","2016-03-22T12:00:00Z",,,,,,,,1,,,
"2016-03-22T12:00:00Z","2016-03-22T12:30:00Z",,,,,,,,1,,,
"2016-03-22T12:30:00Z","2016-03-22T13:00:00Z",,,,,,,,1,,,
"2016-03-22T13:00:00Z","2016-03-22T13:30:00Z",,,,,,,,1,,,
"2016-03-22T13:30:00Z","2016-03-22T14:00:00Z",,,,,,,,1,,,
"2016-03-22T14:00:00Z","2016-03-22T14:30:00Z",,,,,,,,1,,,
"2016-03-22T14:30:00Z","2016-03-22T15:00:00Z",,,,,,,,1,,,
"2016-03-22T15:00:00Z","2016-03-22T15:30:00Z",,,,,,,,1,,,
"2016-03-22T15:30:00Z","2016-03-22T16:00:00Z",,,,,,,,1,,,
"2016-03-22T16:00:00Z","2016-03-22T16:30:00Z",,,,,,,,1,,,
"2016-03-22T16:30:00Z","2016-03-22T17:00:00Z",,,,,,,,1,,,
"2016-03-22T17:00:00Z","2016-03-22T17:30:00Z",,,,,,,,1,,,
"2016-03-22T17:30:00Z","2016-03-22T18:00:00Z",,,,,,,,1,,,
"2016-03-22T18:00:00Z","2016-03-22T18:30:00Z",,,,,,,,1,,,
"2016-03-22T18:30:00Z","2016-03-22T19:00:00Z",,,,,,,,1,,,
"2016-03-22T19:00:00Z","2016-03-22T19:30:00Z",,,,,,,,1,,,
"2016-03-22T19:30:00Z","2016-03-22T20:00:00Z",,,,,,,,1,,,
"2016-03-22T20:00:00Z","2016-03-22T20:30:00Z",,,,,,,,1,,,
"2016-03-22T20:30:00Z","2016-03-22T21:00:00Z",,,,,,,,1,,,
"2016-03-22T21:00:00Z","2016-03-22T21:30:00Z",,,,,,,,1,,,
"2016-03-22T21:30:00Z","2016-03-22T22:00:00Z",,,,,,,,1,,,
"2016-03-22T22:00:00Z","2016-03-22T22:30:00Z",,,,,,,,1,,,
"2016-03-22T22:30:00Z","2016-03-22T23:00:00Z",,,,,,,,1,,,
"2016-03-22T23:00:00Z","2016-03-22T23:30:00Z",,,,,,,,1,,,
"2016-03-22T23:30:00Z","2016-03-23T00:00:00Z",,,,,,,,1,,,
"2016-03-23T00:00:00Z","2016-03-23T00:30:00Z",,,,,,,,1,,,
"2016-03-23T00:30:00Z","2016-03-23T01:00:00Z",,,,,,,,1,,,
"2016-03-23T01:00:00Z","2016-03-23T01:30:00Z",,,,,,,,,,,
"2016-03-23T01:30:00Z","2016-03-23T02:00:00Z",,,,,,,,1,,,
"2016-03-23T02:00:00Z","2016-03-23T02:30:00Z",,,,,,,,1,,,
"2016-03-23T02:30:00Z","2016-03-23T03:00:00Z",,,,,,,,1,,,
"2016-03-23T03:00:00Z","2016-03-23T03:30:00Z",,,,,,,,1,,,
"2016-03-23T03:30:00Z","2016-03-23T04:00:00Z",,,,,,,,1,,,
"2016-03-23T04:00:00Z","2016-03-23T04:30:00Z",,,,,,,,1,,,
"2016-03-23T04:30:00Z","2016-03-23T05:00:00Z",,,,,,,,1,,,
"2016-03-23T05:00:00Z","2016-03-23T05:30:00Z",,,,,,,,1,,,
"2016-03-23T05:30:00Z","2016-03-23T06:00:00Z",,,,,,,,1,,,
"2016-03-23T06:00:00Z","2016-03-23T06:30:00Z",,,,,,,,1,,,
"2016-03-23T06:30:00Z","2016-03-23T07:00:00Z",,,,,,,,1,,,
"2016-03-23T07:00:00Z","2016-03-23T07:30:00Z",,,,,,,,1,,,
"2016-03-23T07:30:00Z","2016-03-23T08:00:00Z",,,,,,,,1,,,
"2016-03-23T08:00:00Z","2016-03-23T08:30:00Z",,,,,,,,1,,,
"2016-03-23T08:30:00Z","2016-03-23T09:00:00Z",,,,,,,,1,,,
"2016-03-23T09:00:00Z","2016-03-23T09:30:00Z",,,,,,,,1,,,
"2016-03-23T09:30:00Z","2016-03-23T10:00:00Z",,,,,,,,1,,,
"2016-03-23T10:00:00Z","2016-03-23T10:30:00Z",,,,,,,,1,,,
"2016-03-23T10:30:00Z","2016-03-23T11:00:00Z",,,,,,,,1,,,
"2016-03-23T11:00:00Z","2016-03-23T11:30:00Z",,,,,,,,1,,,
"2016-03-23T11:30:00Z","2016-03-23T12:00:00Z",,,,,,,,1,,,
"2016-03-23T12:00:00Z","2016-03-23T12:30:00Z",,,,,,,,1,,,
"2016-03-23T12:30:00Z","2016-03-23T13:00:00Z",,,,,,,,1,,,
"2016-03-23T13:00:00Z","2016-03-23T13:30:00Z",,,,,,,,1,,,
"2016-03-23T13:30:00Z","2016-03-23T14:00:00Z",,,,,,,,1,,,
"2016-03-23T14:00:00Z","2016-03-23T14:30:00Z",,,,,,,,1,,,
"2016-03-23T14:30:00Z","2016-03-23T15:00:00Z",,,,,,,,1,,,
"2016-03-23T15:00:00Z","2016-03-23T15:30:00Z",,,,,,,,1,,,
"2016-03-23T15:30:00Z","2016-03-23T16:00:00Z",,,,,,,,1,,,
"2016-03-23T16:00:00Z","2016-03-23T16:30:00Z",,,,,,,,1,,,
"2016-03-23T16:30:00Z","2016-03-23T17:00:00Z",,,,,,,,1,,,
"2016-03-23T17:00:00Z","2016-03-23T17:30:00Z",,,,,,,,,,,
"2016-03-23T17:30:00Z","2016-03-23T18:00:00Z",,,,,,,,1,,,
"2016-03-23T18:00:00Z","2016-03-23T18:30:00Z",,,,,,,,1,,,
"2016-03-23T18:30:00Z","2016-03-23T19:00:00Z",,,,,,,,1,,,
"2016-03-23T19:00:00Z","2016-03-23T19:30:00Z",,,,,,,,1,,,
"2016-03-23T19:30:00Z","2016-03-23T20:00:00Z",,,,,,,,1,,,
"2016-03-23T20:00:00Z","2016-03-23T20:30:00Z",,,,,,,,1,,,
"2016-03-23T20:30:00Z","2016-03-23T21:00:00Z",,,,,,,,1,,,
"2016-03-23T21:00:00Z","2016-03-23T21:30:00Z",,,,,,,,1,,,
"2016-03-23T21:30:00Z","2016-03-23T22:00:00Z",,,,,,,,1,,,
"2016-03-23T22:00:00Z","2016-03-23T22:30:00Z",,,,,,,,1,,,
"2016-03-23T22:30:00Z","2016-03-23T23:00:00Z",,,,,,,,1,,,
"2016-03-23T23:00:00Z","2016-03-23T23:30:00Z",,,,,,,,1,,,
"2016-03-23T23:30:00Z","2016-03-24T00:00:00Z",,,,,,,,1,,,
"2016-03-24T00:00:00Z","2016-03-24T00:30:00Z",,,,,,,,1,,,
"2016-03-24T00:30:00Z","2016-03-24T01:00:00Z",,,,,,,,1,,,
"2016-03-24T01:00:00Z","2016-03-24T01:30:00Z",,,,,,,,1,,,
"2016-03-24T01:30:00Z","2016-03-24T02:00:00Z",,,,,,,,1,,,
"2016-03-24T02:00:00Z","2016-03-24T02:30:00Z",,,,,,,,1,,,
"2016-03-24T02:30:00Z","2016-03-24T03:00:00Z",,,,,,,,1,,,
"2016-03-24T03:00:00Z","2016-03-24T03:30:00Z",,,,,,,,1,,,
"2016-03-24T03:30:00Z","2016-03-24T04:00:00Z",,,,,,,,1,,,
"2016-03-24T04:00:00Z","2016-03-24T04:30:00Z",,,,,,,,1,,,
"2016-03-24T04:30:00Z","2016-03-24T05:00:00Z",,,,,,,,1,,,
"2016-03-24T05:00:00Z","2016-03-24T05:30:00Z",,,,,,,,1,,,
"2016-03-24T05:30:00Z","2016-03-24T06:00:00Z",,,,,,,,1,,,
"2016-03-24T06:00:00Z","2016-03-24T06:30:00Z",,,,,,,,1,,,
"2016-03-24T06:30:00Z","2016-03-24T07:00:00Z",,,,,,,,1,,,
"2016-03-24T07:00:00Z","2016-03-24T07:30:00Z",,,,,,,,1,,,
"2016-03-24T07:30:00Z","2016-03-24T08:00:00Z",,,,,,,,1,,,
"2016-03-24T08:00:00Z","2016-03-24T08:30:00Z",,,,,,,,1,,,
"2016-03-24T08:30:00Z","2016-03-24T09:00:00Z",,,,,,,,1,,,
"2016-03-24T09:00:00Z","2016-03-24T09:30:00Z",,,,,,,,1,,,
"2016-03-24T09:30:00Z","2016-03-24T10:00:00Z",,,,,,,,1,,,
"2016-03-24T10:00:00Z","2016-03-24T10:30:00Z",,,,,,,,1,,,
"2016-03-24T10:30:00Z","2016-03-24T11:00:00Z",,,,,,,,1,,,
"2016-03-24T11:00:00Z","2016-03-24T11:30:00Z",,,,,,,,1,,,
"2016-03-24T11:30:00Z","2016-03-24T12:00:00Z",,,,,,,,1,,,
"2016-03-24T12:00:00Z","2016-03-24T12:30:00Z",,,,,,,,1,,,
"2016-03-24T12:30:00Z","2016-03-24T13:00:00Z",,,,,,,,1,,,
"2016-03-24T13:00:00Z","2016-03-24T13:30:00Z",,,,,,,,1,,,
"2016-03-24T13:30:00Z","2016-03-24T14:00:00Z",,,,,,,,1,,,
"2016-03-24T14:00:00Z","2016-03-24T14:30:00Z",,,,,,,,1,,,
"2016-03-24T14:30:00Z","2016-03-24T15:00:00Z",,,,,,,,1,,,
"2016-03-24T15:00:00Z","2016-03-24T15:30:00Z",,,,,,,,1,,,
"2016-03-24T15:30:00Z","2016-03-24T16:00:00Z",,,,,,,,1,,,
"2016-03-24T16:00:00Z","2016-03-24T16:30:00Z",,,,,,,,1,,,
"2016-03-24T16:30:00Z","2016-03-24T17:00:00Z",,,,,,,,1,,,
"2016-03-24T17:00:00Z","2016-03-24T17:30:00Z",,,,,,,,1,,,
"2016-03-24T17:30:00Z","2016-03-24T18:00:00Z",,,,,,,,1,,,
"2016-03-24T18:00:00Z","2016-03-24T18:30:00Z",,,,,,,,1,,,
"2016-03-24T18:30:00Z","2016-03-24T19:00:00Z",,,,,,,,1,,,
"2016-03-24T19:00:00Z","2016-03-24T19:30:00Z",,,,,,,,1,,,
"2016-03-24T19:30:00Z","2016-03-24T20:00:00Z",,,,,,,,1,,,
"2016-03-24T20:00:00Z","2016-03-24T20:30:00Z",,,,,,,,1,,,
"2016-03-24T20:30:00Z","2016-03-24T21:00:00Z",,,,,,,,1,,,
"2016-03-24T21:00:00Z","2016-03-24T21:30:00Z",,,,,,,,1,,,
"2016-03-24T21:30:00Z","2016-03-24T22:00:00Z",,,,,,,,1,,,
"2016-03-24T22:00:00Z","2016-03-24T22:30:00Z",,,,,,,,1,,,
"2016-03-24T22:30:00Z","2016-03-24T23:00:00Z",,,,,,,,1,,,
"2016-03-24T23:00:00Z","2016-03-24T23:30:00Z",,,,,,,,1,,,
"2016-03-24T23:30:00Z","2016-03-25T00:00:00Z",,,,,,,,1,,,
"2016-03-25T00:00:00Z","2016-03-25T00:30:00Z",,,,,,,,1,,,
"2016-03-25T00:30:00Z","2016-03-25T01:00:00Z",,,,,,,,1,,,
"2016-03-25T01:00:00Z","2016-03-25T01:30:00Z",,,,,,,,1,,,
"2016-03-25T01:30:00Z","2016-03-25T02:00:00Z",,,,,,,,1,,,
"2016-03-25T02:00:00Z","2016-03-25T02:30:00Z",,,,,,,,1,,,
"2016-03-25T02:30:00Z","2016-03-25T03:00:00Z",,,,,,,,1,,,
"2016-03-25T03:00:00Z","2016-03-25T03:30:00Z",,,,,,,,1,,,
"2016-03-25T03:30:00Z","2016-03-25T04:00:00Z",,,,,,,,1,,,
"2016-03-25T04:00:00Z","2016-03-25T04:30:00Z",,,,,,,,1,,,
"2016-03-25T04:30:00Z","2016-03-25T05:00:00Z",,,,,,,,1,,,
"2016-03-25T05:00:00Z","2016-03-25T05:30:00Z",,,,,,,,1,,,
"2016-03-25T05:30:00Z","2016-03-25T06:00:00Z",,,,,,,,1,,,
"2016-03-25T06:00:00Z","2016-03-25T06:30:00Z",,,,,,,,1,,,
"2016-03-25T06:30:00Z","2016-03-25T07:00:00Z",,,,,,,,1,,,
"2016-03-25T07:00:00Z","2016-03-25T07:30:00Z",,,,,,,,1,,,
"2016-03-25T07:30:00Z","2016-03-25T08:00:00Z",,,,,,,,1,,,
"2016-03-25T08:00:00Z","2016-03-25T08:30:00Z",,,,,,,,1,,,
"2016-03-25T08:30:00Z","2016-03-25T09:00:00Z",,,,,,,,1,,,
"2016-03-25T09:00:00Z","2016-03-25T09:30:00Z",,,,,,,,1,,,
"2016-03-25T09:30:00Z","2016-03-25T10:00:00Z",,,,,,,,1,,,
"2016-03-25T10:00:00Z","2016-03-25T10:30:00Z",,,,,,,,1,,,
"2016-03-25T10:30:00Z","2016-03-25T11:00:00Z",,,,,,,,1,,,
"2016-03-25T11:00:00Z","2016-03-25T11:30:00Z",,,,,,,,1,,,
"2016-03-25T11:30:00Z","2016-03-25T12:00:00Z",,,,,,,,1,,,
"2016-03-25T12:00:00Z","2016-03-25T12:30:00Z",,,,,,,,1,,,
"2016-03-25T12:30:00Z","2016-03-25T13:00:00Z",,,,,,,,1,,,
"2016-03-25T13:00:00Z","2016-03-25T13:30:00Z",,,,,,,,1,,,
"2016-03-25T13:30:00Z","2016-03-25T14:00:00Z",,,,,,,,1,,,
"2016-03-25T14:00:00Z","2016-03-25T14:30:00Z",,,,,,,,1,,,
"2016-03-25T14:30:00Z","2016-03-25T15:00:00Z",,,,,,,,1,,,
"2016-03-25T15:00:00Z","2016-03-25T15:30:00Z",,,,,,,,1,,,
"2016-03-25T15:30:00Z","2016-03-25T16:00:00Z",,,,,,,,1,,,
"2016-03-25T16:00:00Z","2016-03-25T16:30:00Z",,,,,,,,1,,,
"2016-03-25T16:30:00Z","2016-03-25T17:00:00Z",,,,,,,,1,,,
"2016-03-25T17:00:00Z","2016-03-25T17:30:00Z",,,,,,,,1,,,
"2016-03-25T17:30:00Z","2016-03-25T18:00:00Z",,,,,,,,1,,,
"2016-03-25T18:00:00Z","2016-03-25T18:30:00Z",,,,,,,,1,,,
"2016-03-25T18:30:00Z","2016-03-25T19:00:00Z",,,,,,,,1,,,
"2016-03-25T19:00:00Z","2016-03-25T19:30:00Z",,,,,,,,1,,,
"2016-03-25T19:30:00Z","2016-03-25T20:00:00Z",,,,,,,,1,,,
"2016-03-25T20:00:00Z","2016-03-25T20:30:00Z",,,,,,,,1,,,
"2016-03-25T20:30:00Z","2016-03-25T21:00:00Z",,,,,,,,1,,,
"2016-03-25T21:00:00Z","2016-03-25T21:30:00Z",,,,,,,,1,,,
"2016-03-25T21:30:00Z","2016-03-25T22:00:00Z",,,,,,,,1,,,
"2016-03-25T22:00:00Z","2016-03-25T22:30:00Z",,,,,,,,1,,,
"2016-03-25T22:30:00Z","2016-03-25T23:00:00Z",,,,,,,,1,,,
"2016-03-25T23:00:00Z","2016-03-25T23:30:00Z",,,,,,,,1,,,
"2016-03-25T23:30:00Z","2016-03-26T00:00:00Z",,,,,,,,1,,,
"2016-03-26T00:00:00Z","2016-03-26T00:30:00Z",,,,,,,,1,,,
"2016-03-26T00:30:00Z","2016-03-26T01:00:00Z",,,,,,,,1,,,
"2016-03-26T01:00:00Z","2016-03-26T01:30:00Z",,,,,,,,1,,,
"2016-03-26T01:30:00Z","2016-03-26T02:00:00Z",,,,,,,,1,,,
"2016-03-26T02:00:00Z","2016-03-26T02:30:00Z",,,,,,,,1,,,
"2016-03-26T02:30:00Z","2016-03-26T03:00:00Z",,,,,,,,1,,,
"2016-03-26T03:00:00Z","2016-03-26T03:30:00Z",,,,,,,,1,,,
"2016-03-26T03:30:00Z","2016-03-26T04:00:00Z",,,,,,,,1,,,
"2016-03-26T04:00:00Z","2016-03-26T04:30:00Z",,,,,,,,1,,,
"2016-03-26T04:30:00Z","2016-03-26T05:00:00Z",,,,,,,,1,,,
"2016-03-26T05:00:00Z","2016-03-26T05:30:00Z",,,,,,,,1,,,
"2016-03-26T05:30:00Z","2016-03-26T06:00:00Z",,,,,,,,1,,,
"2016-03-26T06:00:00Z","2016-03-26T06:30:00Z",,,,,,,,1,,,
"2016-03-26T06:30:00Z","2016-03-26T07:00:00Z",,,,,,,,1,,,
"2016-03-26T07:00:00Z","2016-03-26T07:30:00Z",,,,,,,,1,,,
"2016-03-26T07:30:00Z","2016-03-26T08:00:00Z",,,,,,,,1,,,
"2016-03-26T08:00:00Z","2016-03-26T08:30:00Z",,,,,,,,,,,
"2016-03-26T08:30:00Z","2016-03-26T09:00:00Z",,,,,,,,1,,,
"2016-03-26T09:00:00Z","2016-03-26T09:30:00Z",,,,,,,,1,,,
"2016-03-26T09:30:00Z","2016-03-26T10:00:00Z",,,,,,,,1,,,
"2016-03-26T10:00:00Z","2016-03-26T10:30:00Z",,,,,,,,1,,,
"2016-03-26T10:30:00Z","2016-03-26T11:00:00Z",,,,,,,,1,,,
"2016-03-26T11:00:00Z","2016-03-26T11:30:00Z",,,,,,,,1,,,
"2016-03-26T11:30:00Z","2016-03-26T12:00:00Z",,,,,,,,1,,,
"2016-03-26T12:00:00Z","2016-03-26T12:30:00Z",,,,,,,,1,,,
"2016-03-26T12:30:00Z","2016-03-26T13:00:00Z",,,,,,,,1,,,
"2016-03-26T13:00:00Z","2016-03-26T13:30:00Z",,,,,,,,1,,,
"2016-03-26T13:30:00Z","2016-03-26T14:00:00Z",,,,,,,,1,,,
"2016-03-26T14:00:00Z","2016-03-26T14:30:00Z",,,,,,,,1,,,
"2016-03-26T14:30:00Z","2016-03-26T15:00:00Z",,,,,,,,1,,,
"2016-03-26T15:00:00Z","2016-03-26T15:30:00Z",,,,,,,,1,,,
"2016-03-26T15:30:00Z","2016-03-26T16:00:00Z",,,,,,,,,,,
"2016-03-26T16:00:00Z","2016-03-26T16:30:00Z",,,,,,,,1,,,
"2016-03-26T16:30:00Z","2016-03-26T17:00:00Z",,,,,,,,1,,,
"2016-03-26T17:00:00Z","2016-03-26T17:30:00Z",,,,,,,,1,,,
"2016-03-26T17:30:00Z","2016-03-26T18:00:00Z",,,,,,,,1,,,
"2016-03-26T18:00:00Z","2016-03-26T18:30:00Z",,,,,,,,1,,,
"2016-03-26T18:30:00Z","2016-03-26T19:00:00Z",,,,,,,,1,,,
"2016-03-26T19:00:00Z","2016-03-26T19:30:00Z",,,,,,,,1,,,
"2016-03-26T19:30:00Z","2016-03-26T20:00:00Z",,,,,,,,1,,,
"2016-03-26T20:00:00Z","2016-03-26T20:30:00Z",,,,,,,,1,,,
"2016-03-26T20:30:00Z","2016-03-26T21:00:00Z",,,,,,,,,,,
"2016-03-26T21:00:00Z","2016-03-26T21:30:00Z",,,,,,,,1,,,
"2016-03-26T21:30:00Z","2016-03-26T22:00:00Z",,,,,,,,1,,,
"2016-03-26T22:00:00Z","2016-03-26T22:30:00Z",,,,,,,,1,,,
"2016-03-26T22:30:00Z","2016-03-26T23:00:00Z",,,,,,,,1,,,
"2016-03-26T23:00:00Z","2016-03-26T23:30:00Z",,,,,,,,1,,,
"2016-03-26T23:30:00Z","2016-03-27T00:00:00Z",,,,,,,,1,,,
"2016-03-27T00:00:00Z","2016-03-27T00:30:00Z",,,,,,,,1,,,
"2016-03-27T00:30:00Z","2016-03-27T01:00:00Z",,,,,,,,1,,,
"2016-03-27T01:00:00Z","2016-03-27T01:30:00Z",,,,,,,,1,,,
"2016-03-27T01:30:00Z","2016-03-27T02:00:00Z",,,,,,,,1,,,
"2016-03-27T02:00:00Z","2016-03-27T02:30:00Z",,,,,,,,1,,,
"2016-03-27T02:30:00Z","2016-03-27T03:00:00Z",,,,,,,,1,,,
"2016-03-27T03:00:00Z","2016-03-27T03:30:00Z",,,,,,,,1,,,
"2016-03-27T03:30:00Z","2016-03-27T04:00:00Z",,,,,,,,1,,,
"2016-03-27T04:00:00Z","2016-03-27T04:30:00Z",,,,,,,,1,,,
"2016-03-27T04:30:00Z","2016-03-27T05:00:00Z",,,,,,,,1,,,
"2016-03-27T05:00:00Z","2016-03-27T05:30:00Z",,,,,,,,1,,,
"2016-03-27T05:30:00Z","2016-03-27T06:00:00Z",,,,,,,,1,,,
"2016-03-27T06:00:00Z","2016-03-27T06:30:00Z",,,,,,,,1,,,
"2016-03-27T06:30:00Z","2016-03-27T07:00:00Z",,,,,,,,1,,,
"2016-03-27T07:00:00Z","2016-03-27T07:30:00Z",,,,,,,,1,,,
"2016-03-27T07:30:00Z","2016-03-27T08:00:00Z",,,,,,,,1,,,
"2016-03-27T08:00:00Z","2016-03-27T08:30:00Z",,,,,,,,1,,,
"2016-03-27T08:30:00Z","2016-03-27T09:00:00Z",,,,,,,,1,,,
"2016-03-27T09:00:00Z","2016-03-27T09:30:00Z",,,,,,,,1,,,
"2016-03-27T09:30:00Z","2016-03-27T10:00:00Z",,,,,,,,1,,,
"2016-03-27T10:00:00Z","2016-03-27T10:30:00Z",,,,,,,,1,,,
"2016-03-27T10:30:00Z","2016-03-27T11:00:00Z",,,,,,,,1,,,
"2016-03-27T11:00:00Z","2016-03-27T11:30:00Z",,,,,,,,1,,,
"2016-03-27T11:30:00Z","2016-03-27T12:00:00Z",,,,,,,,1,,,
"2016-03-27T12:00:00Z","2016-03-27T12:30:00Z",,,,,,,,1,,,
"2016-03-27T12:30:00Z","2016-03-27T13:00:00Z",,,,,,,,1,,,
"2016-03-27T13:00:00Z","2016-03-27T13:30:00Z",,,,,,,,1,,,
"2016-03-27T13:30:00Z","2016-03-27T14:00:00Z",,,,,,,,1,,,
"2016-03-27T14:00:00Z","2016-03-27T14:30:00Z",,,,,,,,1,,,
"2016-03-27T14:30:00Z","2016-03-27T15:00:00Z",,,,,,,,1,,,
"2016-03-27T15:00:00Z","2016-03-27T15:30:00Z",,,,,,,,1,,,
"2016-03-27T15:30:00Z","2016-03-27T16:00:00Z",,,,,,,,1,,,
"2016-03-27T16:00:00Z","2016-03-27T16:30:00Z",,,,,,,,1,,,
"2016-03-27T16:30:00Z","2016-03-27T17:00:00Z",,,,,,,,1,,,
"2016-03-27T17:00:00Z","2016-03-27T17:30:00Z",,,,,,,,1,,,
"2016-03-27T17:30:00Z","2016-03-27T18:00:00Z",,,,,,,,1,,,
"2016-03-27T18:00:00Z","2016-03-27T18:30:00Z",,,,,,,,1,,,
"2016-03-27T18:30:00Z","2016-03-27T19:00:00Z",,,,,,,,1,,,
"2016-03-27T19:00:00Z","2016-03-27T19:30:00Z",,,,,,,,1,,,
"2016-03-27T19:30:00Z","2016-03-27T20:00:00Z",,,,,,,,1,,,
"2016-03-27T20:00:00Z","2016-03-27T20:30:00Z",,,,,,,,1,,,
"2016-03-27T20:30:00Z","2016-03-27T21:00:00Z",,,,,,,,1,,,
"2016-03-27T21:00:00Z","2016-03-27T21:30:00Z",,,,,,,,1,,,
"2016-03-27T21:30:00Z","2016-03-27T22:00:00Z",,,,,,,,1,,,
"2016-03-27T22:00:00Z","2016-03-27T22:30:00Z",,,,,,,,1,,,
"2016-03-27T22:30:00Z","2016-03-27T23:00:00Z",,,,,,,,1,,,
"2016-03-27T23:00:00Z","2016-03-27T23:30:00Z",,,,,,,,1,,,
"2016-03-27T23:30:00Z","2016-03-28T00:00:00Z",,,,,,,,1,,,
"2016-03-28T00:00:00Z","2016-03-28T00:30:00Z",,,,,,,,1,,,
"2016-03-28T00:30:00Z","2016-03-28T01:00:00Z",,,,,,,,1,,,
"2016-03-28T01:00:00Z","2016-03-28T01:30:00Z",,,,,,,,1,,,
"2016-03-28T01:30:00Z","2016-03-28T02:00:00Z",,,,,,,,1,,,
"2016-03-28T02:00:00Z","2016-03-28T02:30:00Z",,,,,,,,1,,,
"2016-03-28T02:30:00Z","2016-03-28T03:00:00Z",,,,,,,,1,,,
"2016-03-28T03:00:00Z","2016-03-28T03:30:00Z",,,,,,,,1,,,
"2016-03-28T03:30:00Z","2016-03-28T04:00:00Z",,,,,,,,1,,,
"2016-03-28T04:00:00Z","2016-03-28T04:30:00Z",,,,,,,,1,,,
"2016-03-28T04:30:00Z","2016-03-28T05:00:00Z",,,,,,,,1,,,
"2016-03-28T05:00:00Z","2016-03-28T05:30:00Z",,,,,,,,1,,,
"2016-03-28T05:30:00Z","2016-03-28T06:00:00Z",,,,,,,,1,,,
"2016-03-28T06:00:00Z","2016-03-28T06:30:00Z",,,,,,,,1,,,
"2016-03-28T06:30:00Z","2016-03-28T07:00:00Z",,,,,,,,1,,,
"2016-03-28T07:00:00Z","2016-03-28T07:30:00Z",,,,,,,,1,,,
"2016-03-28T07:30:00Z","2016-03-28T08:00:00Z",,,,,,,,1,,,
"2016-03-28T08:00:00Z","2016-03-28T08:30:00Z",,,,,,,,1,,,
"2016-03-28T08:30:00Z","2016-03-28T09:00:00Z",,,,,,,,1,,,
"2016-03-28T09:00:00Z","2016-03-28T09:30:00Z",,,,,,,,1,,,
"2016-03-28T09:30:00Z","2016-03-28T10:00:00Z",,,,,,,,1,,,
"2016-03-28T10:00:00Z","2016-03-28T10:30:00Z",,,,,,,,1,,,
"2016-03-28T10:30:00Z","2016-03-28T11:00:00Z",,,,,,,,1,,,
"2016-03-28T11:00:00Z","2016-03-28T11:30:00Z",,,,,,,,1,,,
"2016-03-28T11:30:00Z","2016-03-28T12:00:00Z",,,,,,,,1,,,
"2016-03-28T12:00:00Z","2016-03-28T12:30:00Z",,,,,,,,1,,,
"2016-03-28T12:30:00Z","2016-03-28T13:00:00Z",,,,,,,,1,,,
"2016-03-28T13:00:00Z","2016-03-28T13:30:00Z",,,,,,,,1,,,
"2016-03-28T13:30:00Z","2016-03-28T14:00:00Z",,,,,,,,1,,,
"2016-03-28T14:00:00Z","2016-03-28T14:30:00Z",,,,,,,,1,,,
"2016-03-28T14:30:00Z","2016-03-28T15:00:00Z",,,,,,,,1,,,
"2016-03-28T15:00:00Z","2016-03-28T15:30:00Z",,,,,,,,1,,,
"2016-03-28T15:30:00Z","2016-03-28T16:00:00Z",,,,,,,,1,,,
"2016-03-28T16:00:00Z","2016-03-28T16:30:00Z",,,,,,,,1,,,
"2016-03-28T16:30:00Z","2016-03-28T17:00:00Z",,,,,,,,1,,,
"2016-03-28T17:00:00Z","2016-03-28T17:30:00Z",,,,,,,,1,,,
"2016-03-28T17:30:00Z","2016-03-28T18:00:00Z",,,,,,,,1,,,
"2016-03-28T18:00:00Z","2016-03-28T18:30:00Z",,,,,,,,,,,
"2016-03-28T18:30:00Z","2016-03-28T19:00:00Z",,,,,,,,1,,,
"2016-03-28T19:00:00Z","2016-03-28T19:30:00Z",,,,,,,,1,,,
"2016-03-28T19:30:00Z","2016-03-28T20:00:00Z",,,,,,,,1,,,
"2016-03-28T20:00:00Z","2016-03-28T20:30:00Z",,,,,,,,1,,,
"2016-03-28T20:30:00Z","2016-03-28T21:00:00Z",,,,,,,,1,,,
"2016-03-28T21:00:00Z","2016-03-28T21:30:00Z",,,,,,,,1,,,
"2016-03-28T21:30:00Z","2016-03-28T22:00:00Z",,,,,,,,1,,,
"2016-03-28T22:00:00Z","2016-03-28T22:30:00Z",,,,,,,,1,,,
"2016-03-28T22:30:00Z","2016-03-28T23:00:00Z",,,,,,,,1,,,
"2016-03-28T23:00:00Z","2016-03-28T23:30:00Z",,,,,,,,1,,,
"2016-03-28T23:30:00Z","2016-03-29T00:00:00Z",,,,,,,,1,,,
"2016-03-29T00:00:00Z","2016-03-29T00:30:00Z",,,,,,,,1,,,
"2016-03-29T00:30:00Z","2016-03-29T01:00:00Z",,,,,,,,1,,,
"2016-03-29T01:00:00Z","2016-03-29T01:30:00Z",,,,,,,,1,,,
"2016-03-29T01:30:00Z","2016-03-29T02:00:00Z",,,,,,,,1,,,
"2016-03-29T02:00:00Z","2016-03-29T02:30:00Z",,,,,,,,1,,,
"2016-03-29T02:30:00Z","2016-03-29T03:00:00Z",,,,,,,,1,,,
"2016-03-29T03:00:00Z","2016-03-29T03:30:00Z",,,,,,,,1,,,
"2016-03-29T03:30:00Z","2016-03-29T04:00:00Z",,,,,,,,1,,,
"2016-03-29T04:00:00Z","2016-03-29T04:30:00Z",,,,,,,,1,,,
"2016-03-29T04:30:00Z","2016-03-29T05:00:00Z",,,,,,,,1,,,
"2016-03-29T05:00:00Z","2016-03-29T05:30:00Z",,,,,,,,1,,,
"2016-03-29T05:30:00Z","2016-03-29T06:00:00Z",,,,,,,,1,,,
"2016-03-29T06:00:00Z","2016-03-29T06:30:00Z",,,,,,,,1,,,
"2016-03-29T06:30:00Z","2016-03-29T07:00:00Z",,,,,,,,1,,,
"2016-03-29T07:00:00Z","2016-03-29T07:30:00Z",,,,,,,,1,,,
"2016-03-29T07:30:00Z","2016-03-29T08:00:00Z",,,,,,,,1,,,
"2016-03-29T08:00:00Z","2016-03-29T08:30:00Z",,,,,,,,1,,,
"2016-03-29T08:30:00Z","2016-03-29T09:00:00Z",,,,,,,,1,,,
"2016-03-29T09:00:00Z","2016-03-29T09:30:00Z",,,,,,,,1,,,
"2016-03-29T09:30:00Z","2016-03-29T10:00:00Z",,,,,,,,1,,,
"2016-03-29T10:00:00Z","2016-03-29T10:30:00Z",,,,,,,,1,,,
"2016-03-29T10:30:00Z","2016-03-29T11:00:00Z",,,,,,,,1,,,
"2016-03-29T11:00:00Z","2016-03-29T11:30:00Z",,,,,,,,1,,,
"2016-03-29T11:30:00Z","2016-03-29T12:00:00Z",,,,,,,,1,,,
"2016-03-29T12:00:00Z","2016-03-29T12:30:00Z",,,,,,,,1,,,
"2016-03-29T12:30:00Z","2016-03-29T13:00:00Z",,,,,,,,1,,,
"2016-03-29T13:00:00Z","2016-03-29T13:30:00Z",,,,,,,,1,,,
"2016-03-29T13:30:00Z","2016-03-29T14:00:00Z",,,,,,,,1,,,
"2016-03-29T14:00:00Z","2016-03-29T14:30:00Z",,,,,,,,1,,,
"2016-03-29T14:30:00Z","2016-03-29T15:00:00Z",,,,,,,,1,,,
"2016-03-29T15:00:00Z","2016-03-29T15:30:00Z",,,,,,,,1,,,
"2016-03-29T15:30:00Z","2016-03-29T16:00:00Z",,,,,,,,1,,,
"2016-03-29T16:00:00Z","2016-03-29T16:30:00Z",,,,,,,,1,,,
"2016-03-29T16:30:00Z","2016-03-29T17:00:00Z",,,,,,,,1,,,
"2016-03-29T17:00:00Z","2016-03-29T17:30:00Z",,,,,,,,1,,,
"2016-03-29T17:30:00Z","2016-03-29T18:00:00Z",,,,,,,,1,,,
"2016-03-29T18:00:00Z","2016-03-29T18:30:00Z",,,,,,,,1,,,
"2016-03-29T18:30:00Z","2016-03-29T19:00:00Z",,,,,,,,1,,,
"2016-03-29T19:00:00Z","2016-03-29T19:30:00Z",,,,,,,,1,,,
"2016-03-29T19:30:00Z","2016-03-29T20:00:00Z",,,,,,,,1,,,
"2016-03-29T20:00:00Z","2016-03-29T20:30:00Z",82.01486,81.99307,82.02607,0.00005,166.00000,0.01724,0.00055,0,,,
"2016-03-29T20:30:00Z","2016-03-29T21:00:00Z",81.99300,81.97406,82.00907,0.00008,125.00000,0.01727,0.00080,1,,,
"2016-03-29T21:00:00Z","2016-03-29T21:30:00Z",81.96868,81.92305,81.99406,0.00028,180.00000,0.01738,0.00124,0,,,
"2016-03-29T21:30:00Z","2016-03-29T22:00:00Z",81.94738,81.92705,81.96206,0.00005,180.00000,0.01723,0.00053,0,,,
"2016-03-29T22:00:00Z","2016-03-29T22:30:00Z",81.99196,81.94406,82.03607,0.00056,180.00000,0.01756,0.00176,0,,,
"2016-03-29T22:30:00Z","2016-03-29T23:00:00Z",82.03652,81.99307,82.06708,0.00039,180.00000,0.01745,0.00146,0,,,
"2016-03-29T23:00:00Z","2016-03-29T23:30:00Z",81.99161,81.94105,82.05708,0.00135,180.00000,0.01805,0.00274,0,,,
"2016-03-29T23:30:00Z","2016-03-30T00:00:00Z",82.00133,81.96906,82.04608,0.00030,180.00000,0.01739,0.00129,0,,,
"2016-03-30T00:00:00Z","2016-03-30T00:30:00Z",82.05804,82.03807,82.08409,0.00013,180.00000,0.01728,0.00085,0,,,
"2016-03-30T00:30:00Z","2016-03-30T01:00:00Z",82.01855,81.97306,82.07008,0.00078,180.00000,0.01769,0.00208,0,,,
"2016-03-30T01:00:00Z","2016-03-30T01:30:00Z",81.99483,81.97207,82.01007,0.00004,180.00000,0.01723,0.00049,0,,,
"2016-03-30T01:30:00Z","2016-03-30T02:00:00Z",81.98465,81.96706,82.02808,0.00015,180.00000,0.01730,0.00092,0,,,
"2016-03-30T02:00:00Z","2016-03-30T02:30:00Z",82.08571,82.02808,82.13309,0.00093,180.00000,0.01779,0.00227,0,,,
"2016-03-30T02:30:00Z","2016-03-30T03:00:00Z",82.12451,82.10209,82.14209,0.00011,180.00000,0.01727,0.00077,0,,,
"2016-03-30T03:00:00Z","2016-03-30T03:30:00Z",82.16882,82.13609,82.20110,0.00035,180.00000,0.01742,0.00139,0,,,
"2016-03-30T03:30:00Z","2016-03-30T04:00:00Z",82.18728,82.16110,82.24011,0.00036,180.00000,0.01743,0.00141,0,,,
"2016-03-30T04:00:00Z","2016-03-30T04:30:00Z",82.19234,,82.24711,0.00126,180.00000,0.01799,0.00264,0,,,
"2016-03-30T04:30:00Z","2016-03-30T05:00:00Z",82.15769,82.13509,82.19310,0.00021,178.00000,0.01734,0.00109,0,,,
"2016-03-30T05:00:00Z","2016-03-30T05:30:00Z",82.15620,82.14509,82.16710,0.00002,180.00000,0.01722,0.00037,0,,,
"2016-03-30T05:30:00Z","2016-03-30T06:00:00Z",82.17028,82.14209,82.21011,0.00043,180.00000,0.01748,0.00155,0,,,
"2016-03-30T06:00:00Z","2016-03-30T06:30:00Z",82.23138,82.21011,82.25112,0.00012,180.00000,0.01727,0.00080,0,,,
"2016-03-30T06:30:00Z","2016-03-30T07:00:00Z",82.25345,82.23911,,0.00005,180.00000,0.01724,0.00055,0,,,
"2016-03-30T07:00:00Z","2016-03-30T07:30:00Z",82.25939,82.24911,82.27212,0.00005,180.00000,0.01723,0.00053,0,,,
"2016-03-30T07:30:00Z","2016-03-30T08:00:00Z",82.27715,82.26812,82.28912,0.00004,180.00000,0.01722,0.00045,0,,,
"2016-03-30T08:00:00Z","2016-03-30T08:30:00Z",82.27029,82.26312,82.27912,0.00001,180.00000,0.01721,0.00026,0,,,
"2016-03-30T08:30:00Z","2016-03-30T09:00:00Z",82.23308,82.18610,82.26712,0.00032,180.00000,0.01740,0.00133,0,,,
"2016-03-30T09:00:00Z","2016-03-30T09:30:00Z",82.19765,82.18010,82.21411,0.00006,180.00000,0.01724,0.00057,0,,,
"2016-03-30T09:30:00Z","2016-03-30T10:00:00Z",82.15322,82.13910,82.18510,0.00013,180.00000,0.01728,0.00084,0,,,
"2016-03-30T10:00:00Z","2016-03-30T10:30:00Z",82.12500,82.10409,82.14209,0.00010,180.00000,0.01726,0.00073,0,,,
"2016-03-30T10:30:00Z","2016-03-30T11:00:00Z",82.11192,82.09308,82.12809,0.00003,180.00000,0.01722,,0,,,
"2016-03-30T11:00:00Z","2016-03-30T11:30:00Z",82.14717,82.11209,82.16409,0.00014,180.00000,0.01729,0.00087,0,,,
"2016-03-30T11:30:00Z","2016-03-30T12:00:00Z",82.18121,82.16010,82.19910,0.00008,180.00000,0.01725,0.00067,0,,,
"2016-03-30T12:00:00Z","2016-03-30T12:30:00Z",82.21607,82.17910,82.24211,0.00016,180.00000,0.01730,0.00093,0,,,
"2016-03-30T12:30:00Z","2016-03-30T13:00:00Z",82.20750,82.11309,82.24911,0.00045,180.00000,0.01749,0.00158,0,,,
"2016-03-30T13:00:00Z","2016-03-30T13:30:00Z",82.22531,82.18010,82.25711,0.00023,180.00000,0.01735,0.00113,0,,,
"2016-03-30T13:30:00Z","2016-03-30T14:00:00Z",82.22239,82.16810,82.25112,0.00034,180.00000,0.01742,0.00137,0,,,
"2016-03-30T14:00:00Z","2016-03-30T14:30:00Z",82.21697,82.18610,82.24411,0.00019,180.00000,0.01732,0.00104,0,,,
"2016-03-30T14:30:00Z","2016-03-30T15:00:00Z",82.21752,82.18410,82.23711,0.00015,180.00000,0.01729,0.00090,0,,,
"2016-03-30T15:00:00Z","2016-03-30T15:30:00Z",82.21750,82.17710,82.23811,0.00016,180.00000,0.01730,0.00094,0,,,
"2016-03-30T15:30:00Z","2016-03-30T16:00:00Z",82.24730,82.21411,82.26712,0.00009,180.00000,0.01726,0.00070,0,,,
"2016-03-30T16:00:00Z","2016-03-30T16:30:00Z",82.26963,82.25411,82.28512,0.00004,180.00000,0.01723,0.00047,0,,,
"2016-03-30T16:30:00Z","2016-03-30T17:00:00Z",82.29773,82.27511,82.31112,0.00008,180.00000,0.01725,0.00065,0,,,
"2016-03-30T17:00:00Z","2016-03-30T17:30:00Z",82.30476,82.27411,82.31712,0.00005,180.00000,0.01723,0.00052,0,,,
"2016-03-30T17:30:00Z","2016-03-30T18:00:00Z",82.31875,82.29612,82.32913,0.00005,178.00000,0.01723,0.00051,0,,,
"2016-03-30T18:00:00Z","2016-03-30T18:30:00Z",82.32478,82.31312,82.33112,0.00001,180.00000,,0.00019,0,,,
"2016-03-30T18:30:00Z","2016-03-30T19:00:00Z",,82.31712,82.33212,0.00001,180.00000,0.01721,0.00021,0,,,
"2016-03-30T19:00:00Z","2016-03-30T19:30:00Z",82.34067,82.32113,82.35113,0.00005,180.00000,0.01723,0.00052,0,,,
"2016-03-30T19:30:00Z","2016-03-30T20:00:00Z",82.35619,82.32813,82.37113,0.00009,180.00000,0.01726,0.00072,0,,,
"2016-03-30T20:00:00Z","2016-03-30T20:30:00Z",82.37537,82.36414,,0.00003,180.00000,0.01722,0.00037,0,,,
"2016-03-30T20:30:00Z","2016-03-30T21:00:00Z",82.38818,82.37313,82.40314,0.00005,180.00000,0.01723,0.00051,0,,,
"2016-03-30T21:00:00Z","2016-03-30T21:30:00Z",82.41306,82.39414,82.43315,0.00010,180.00000,0.01727,0.00076,0,,,
"2016-03-30T21:30:00Z","2016-03-30T22:00:00Z",82.45514,82.42914,82.49116,0.00028,180.00000,0.01738,0.00125,0,,,
"2016-03-30T22:00:00Z","2016-03-30T22:30:00Z",82.50225,82.47915,82.52817,0.00014,180.00000,0.01729,0.00089,0,,,
"2016-03-30T22:30:00Z","2016-03-30T23:00:00Z",82.53920,82.51516,82.56117,0.00014,180.00000,0.01729,0.00087,0,,,
"2016-03-30T23:00:00Z","2016-03-30T23:30:00Z",82.56925,82.55017,82.59718,0.00012,180.00000,0.01728,0.00082,0,,,
"2016-03-30T23:30:00Z","2016-03-31T00:00:00Z",82.61564,82.58718,82.63919,,180.00000,0.01732,0.00101,0,,,
"2016-03-31T00:00:00Z","2016-03-31T00:30:00Z",82.64942,82.63118,82.65819,0.00004,180.00000,0.01723,0.00047,0,,,
"2016-03-31T00:30:00Z","2016-03-31T01:00:00Z",82.66394,82.65118,82.67319,0.00003,180.00000,0.01722,0.00039,0,,,
"2016-03-31T01:00:00Z","2016-03-31T01:30:00Z",82.67769,82.66419,82.68519,0.00002,180.00000,0.01722,0.00037,0,,,
"2016-03-31T01:30:00Z","2016-03-31T02:00:00Z",82.68404,82.67619,82.69019,0.00001,180.00000,,0.00019,0,,,
"2016-03-31T02:00:00Z","2016-03-31T02:30:00Z",82.67617,82.66119,82.68619,0.00003,180.00000,0.01722,0.00044,0,,,
"2016-03-31T02:30:00Z","2016-03-31T03:00:00Z",82.66696,82.65118,82.67419,0.00001,180.00000,0.01721,0.00028,0,,,
"2016-03-31T03:00:00Z","2016-03-31T03:30:00Z",82.67201,82.65919,82.68319,0.00003,180.00000,0.01722,0.00044,0,,,
"2016-03-31T03:30:00Z","2016-03-31T04:00:00Z",82.67071,82.66119,82.68020,0.00001,180.00000,0.01721,0.00027,0,,,
"2016-03-31T04:00:00Z","2016-03-31T04:30:00Z",82.65334,82.64319,82.66619,0.00001,180.00000,0.01721,0.00028,0,,,
"2016-03-31T04:30:00Z","2016-03-31T05:00:00Z",82.64616,82.62918,82.65319,0.00003,180.00000,0.01722,0.00044,0,,,
"2016-03-31T05:00:00Z","2016-03-31T05:30:00Z",82.60806,82.59017,82.63018,0.00009,180.00000,0.01726,0.00072,0,,,
"2016-03-31T05:30:00Z","2016-03-31T06:00:00Z",82.58166,82.57017,82.59317,0.00002,,0.01721,0.00031,0,,,
"2016-03-31T06:00:00Z","2016-03-31T06:30:00Z",82.57849,82.56817,82.58618,0.00001,180.00000,0.01721,0.00028,0,,,
"2016-03-31T06:30:00Z","2016-03-31T07:00:00Z",82.55356,82.54417,82.57017,0.00004,180.00000,0.01722,0.00046,0,,,
"2016-03-31T07:00:00Z","2016-03-31T07:30:00Z",82.53649,82.53017,82.54617,0.00002,178.00000,0.01722,0.00037,0,,,
"2016-03-31T07:30:00Z","2016-03-31T08:00:00Z",82.52762,82.51916,82.53616,0.00002,180.00000,0.01721,0.00032,,,,
"2016-03-31T08:00:00Z","2016-03-31T08:30:00Z",82.51206,82.49716,82.52416,0.00004,180.00000,0.01723,0.00048,0,,,
"2016-03-31T08:30:00Z","2016-03-31T09:00:00Z",,82.47115,82.49816,0.00004,180.00000,0.01723,0.00049,0,,,
"2016-03-31T09:00:00Z","2016-03-31T09:30:00Z",82.46241,82.45415,82.47216,0.00002,180.00000,0.01721,0.00033,0,,,
"2016-03-31T09:30:00Z","2016-03-31T10:00:00Z",82.46091,82.44115,,0.00003,180.00000,0.01722,0.00038,0,,,
"2016-03-31T10:00:00Z","2016-03-31T10:30:00Z",82.45479,82.44615,82.46115,0.00001,180.00000,0.01721,0.00021,0,,,
"2016-03-31T10:30:00Z","2016-03-31T11:00:00Z",82.45554,82.44015,82.46515,0.00002,180.00000,0.01721,0.00035,0,,,
"2016-03-31T11:00:00Z","2016-03-31T11:30:00Z",82.47020,82.45415,82.48916,0.00006,180.00000,0.01724,0.00058,0,,,
"2016-03-31T11:30:00Z","2016-03-31T12:00:00Z",82.50760,82.48115,82.52917,0.00014,180.00000,0.01729,0.00087,0,,,
"2016-03-31T12:00:00Z","2016-03-31T12:30:00Z",82.53984,82.52216,82.55117,0.00005,180.00000,0.01723,0.00053,0,,,
"2016-03-31T12:30:00Z","2016-03-31T13:00:00Z",82.58500,82.55117,82.61318,0.00023,180.00000,0.01734,0.00112,0,,,
"2016-03-31T13:00:00Z","2016-03-31T13:30:00Z",82.64796,82.61018,82.67919,0.00045,180.00000,0.01749,0.00158,0,,,
"2016-03-31T13:30:00Z","2016-03-31T14:00:00Z",82.70380,82.67119,82.72920,0.00025,180.00000,0.01736,0.00119,0,,,
"2016-03-31T14:00:00Z","2016-03-31T14:30:00Z",82.74291,82.72920,,0.00005,180.00000,0.01723,0.00053,0,,,
"2016-03-31T14:30:00Z","2016-03-31T15:00:00Z",82.77158,82.75521,82.78421,0.00005,180.00000,0.01723,0.00052,0,,,
"2016-03-31T15:00:00Z","2016-03-31T15:30:00Z",82.78797,82.77521,82.80522,0.00004,180.00000,0.01722,0.00046,0,,,
"2016-03-31T15:30:00Z","2016-03-31T16:00:00Z",82.80875,82.79421,82.82122,,180.00000,0.01722,0.00042,0,,,
"2016-03-31T16:00:00Z","2016-03-31T16:30:00Z",82.84238,82.81922,82.86123,0.00011,180.00000,0.01727,0.00079,0,,,
"2016-03-31T16:30:00Z","2016-03-31T17:00:00Z",82.87523,82.84522,82.90123,0.00020,,0.01733,0.00106,0,,,
"2016-03-31T17:00:00Z","2016-03-31T17:30:00Z",82.92150,82.88023,82.94824,0.00029,180.00000,0.01739,0.00128,0,,,
"2016-03-31T17:30:00Z","2016-03-31T18:00:00Z",82.94249,82.93024,82.95024,0.00002,180.00000,0.01721,0.00032,0,,,
"2016-03-31T18:00:00Z","2016-03-31T18:30:00Z",82.94348,82.91724,82.95324,0.00003,180.00000,0.01722,0.00042,0,,,
"2016-03-31T18:30:00Z","2016-03-31T19:00:00Z",82.93633,82.91824,82.94524,0.00002,180.00000,0.01722,0.00036,0,,,
"2016-03-31T19:00:00Z","2016-03-31T19:30:00Z",82.93212,82.91924,82.93924,0.00002,180.00000,0.01721,0.00032,0,,,
"2016-03-31T19:30:00Z","2016-03-31T20:00:00Z",82.94144,82.91824,82.95925,0.00010,180.00000,0.01727,0.00075,0,,,
"2016-03-31T20:00:00Z","2016-03-31T20:30:00Z",82.95764,82.93024,82.96824,0.00004,178.00000,0.01722,0.00045,0,,,
"2016-03-31T20:30:00Z","2016-03-31T21:00:00Z",82.97167,82.94424,82.98524,0.00004,180.00000,0.01723,0.00050,0,,,
"2016-03-31T21:00:00Z","2016-03-31T21:30:00Z",82.98520,82.96724,82.99425,0.00001,180.00000,0.01721,0.00025,0,,,
"2016-03-31T21:30:00Z","2016-03-31T22:00:00Z",82.98679,82.97725,82.99425,0.00002,,0.01721,0.00029,0,,,
"2016-03-31T22:00:00Z","2016-03-31T22:30:00Z",82.98241,82.96324,82.99125,0.00003,180.00000,0.01722,0.00044,0,,,
"2016-03-31T22:30:00Z","2016-03-31T23:00:00Z",82.96672,82.95424,82.97625,0.00002,180.00000,0.01721,0.00030,0,,,
"2016-03-31T23:00:00Z","2016-03-31T23:30:00Z",82.98127,82.96324,82.99925,0.00008,180.00000,0.01725,0.00066,0,,,
"2016-03-31T23:30:00Z","2016-04-01T00:00:00Z",83.00501,82.99525,83.01626,0.00003,180.00000,0.01722,0.00043,0,,,
